"uuid","name","description","class","shortname","datatype","units","High Normal","Low Normal","Allow Decimal","locale","synonym.1","synonym.2","synonym.3","synonym.4","synonym.5","synonym.6","synonym.7","synonym.8","synonym.9","synonym.10","synonym.11","synonym.12","synonym.13","synonym.14","synonym.15","synonym.16","answer.1","answer.2","answer.3","answer.4","answer.5","answer.6","answer.7","answer.8","answer.9","answer.10","answer.11","answer.12","answer.13","answer.14","answer.15","answer.16","answer.17","answer.18","answer.19","answer.20","answer.21","answer.22","answer.23","reference-term-source","reference-term-code","reference-term-relationship"
"f5c660ce-e349-11e3-983a-91270dcbd3bf","Chief Complaint",,"Misc","Chief Complaint","Coded",,,,,,"","","","","","","","","","","","","","","","","","","","","","","","","","","","","","","","","","","","","","","",,,
"f5c72985-e349-11e3-983a-91270dcbd3bf","Chief Complaint Duration",,"Duration","Chief Complaint Duration","Numeric",,,,,,"","","","","","","","","","","","","","","","","","","","","","","","","","","","","","","","","","","","","","","",,,
"f6b34229-e349-11e3-983a-91270dcbd3bf","Non-Coded Chief Complaint",,"Misc","Non-Coded Chief Complaint","Text",,,,,,"","","","","","","","","","","","","","","","","","","","","","","","","","","","","","","","","","","","","","","",,,
"f5e49d5e-e349-11e3-983a-91270dcbd3bf","Chief Complaint Notes",,"Misc","Chief Complaint Notes","Text",,,,,,"","","","","","","","","","","","","","","","","","","","","","","","","","","","","","","","","","","","","","","",,,
"ef4bf23f-b3ea-4bd3-a3bc-8ff9feb47732","History",,"Misc","History","Text",,,,,,"","","","","","","","","","","","","","","","","","","","","","","","","","","","","","","","","","","","","","","",,,
"73c392e7-9296-46f1-8a65-43e4f8e60422","Examination",,"Misc","Examination","Text",,,,,,"","","","","","","","","","","","","","","","","","","","","","","","","","","","","","","","","","","","","","","",,,
"693d783e-8a86-486e-af9d-6c8be61c38a8","Medication Taking - Yes",,"Misc","Yes","N/A",,,,,,"","","","","","","","","","","","","","","","","","","","","","","","","","","","","","","","","","","","","","","",,,
"525611e3-4f35-478d-9fa4-4493e7388512","Medication Taking - No",,"Misc","No","N/A",,,,,,"","","","","","","","","","","","","","","","","","","","","","","","","","","","","","","","","","","","","","","",,,
"ee488036-cfa0-455a-87aa-033f5e5117cf","Taking Medications",,"Misc",,"Coded",,,,,,"","","","","","","","","","","","","","","","","Medication Taking - Yes","Medication Taking - No","","","","","","","","","","","","","","","","","","","","","",,,
"9ebe6e3c-dd8f-4366-afff-fd817ad8d078","Improved",,"Misc",,"N/A",,,,,,"","","","","","","","","","","","","","","","","","","","","","","","","","","","","","","","","","","","","","","",,,
"81e07c58-ae1a-401d-a3cb-949ec688f100","Same",,"Misc",,"N/A",,,,,,"","","","","","","","","","","","","","","","","","","","","","","","","","","","","","","","","","","","","","","",,,
"169aac7f-9579-47e0-a492-200f3676beca","Worsened",,"Misc",,"N/A",,,,,,"","","","","","","","","","","","","","","","","","","","","","","","","","","","","","","","","","","","","","","",,,
"04b61778-0695-409e-bfb6-6b81112958f3","Change in symptoms",,"Misc",,"Coded",,,,,,"","","","","","","","","","","","","","","","","Improved","Same","Worsened","","","","","","","","","","","","","","","","","","","","",,,
"ccc5486d-f5a1-4345-a91d-990053feef77","OPD Summary, Treatment Plan",,"Misc","Treatment Plan","Text",,,,,,"","","","","","","","","","","","","","","","","","","","","","","","","","","","","","","","","","","","","","","",,,
"233e3ccb-c16c-40fe-8ecb-320c8b1b13af","Image",,"Image","Image","Complex",,,,,,"","","","","","","","","","","","","","","","","","","","","","","","","","","","","","","","","","","","","","","",,,
"bc1f927e-a3eb-4fca-8a9c-9da6f346e587","Video Link","For any title, use the format ""title - Link""","Misc",,"Text",,,,,,"","","","","","","","","","","","","","","","","","","","","","","","","","","","","","","","","","","","","","","",,,
"f70f2a72-e349-11e3-983a-91270dcbd3bf","Lab Investigation Notes",,"Misc","Lab Investigation Notes","Text",,,,,,"","","","","","","","","","","","","","","","","","","","","","","","","","","","","","","","","","","","","","","",,,
"f71000b3-e349-11e3-983a-91270dcbd3bf","Radiology Notes",,"Misc","Radiology Notes","Text",,,,,,"","","","","","","","","","","","","","","","","","","","","","","","","","","","","","","","","","","","","","","",,,
"233e3ccb-c16c-40fe-8ecb-320c8b1b13af","Image",,"Image","Image","Complex",,,,,,"","","","","","","","","","","","","","","","","","","","","","","","","","","","","","","","","","","","","","","",,,
"3414d609-8cae-4957-b896-127b6fd015d6","ECG Report Notes",,"Misc",,"Text",,,,,,"","","","","","","","","","","","","","","","","","","","","","","","","","","","","","","","","","","","","","","",,,
"233e3ccb-c16c-40fe-8ecb-320c8b1b13af","Image",,"Image","Image","Complex",,,,,,"","","","","","","","","","","","","","","","","","","","","","","","","","","","","","","","","","","","","","","",,,
"54c024fb-fc7c-4bac-a291-80aa20960814","Spirometry Report Notes",,"Misc",,"Text",,,,,,"","","","","","","","","","","","","","","","","","","","","","","","","","","","","","","","","","","","","","","",,,
"47d9df4c-7000-4eb1-ba86-66ea40568998","2-3 Days",,"Misc",,"N/A",,,,,,"","","","","","","","","","","","","","","","","","","","","","","","","","","","","","","","","","","","","","","",,,
"885e166e-36a7-40e7-a80c-47c030556c91","4-5 Days",,"Misc",,"N/A",,,,,,"","","","","","","","","","","","","","","","","","","","","","","","","","","","","","","","","","","","","","","",,,
"cac77168-fbd6-4177-bd1e-5ce92d80eeec","8-9 Days",,"Misc",,"N/A",,,,,,"","","","","","","","","","","","","","","","","","","","","","","","","","","","","","","","","","","","","","","",,,
"c10981b9-399d-42a4-b812-61bc99bdcf49","Lactational Amenorrhea",,"Misc",,"N/A",,,,,,"","","","","","","","","","","","","","","","","","","","","","","","","","","","","","","","","","","","","","","",,,
"de820cca-5645-4b4c-86ca-99e3742d3849","Post Menopausal",,"Misc",,"N/A",,,,,,"","","","","","","","","","","","","","","","","","","","","","","","","","","","","","","","","","","","","","","",,,
"e3634323-8618-4bb1-85b7-f88b1789c33e","M/C Days",,"Misc",,"Coded",,,,,,"","","","","","","","","","","","","","","","","2-3 Days","4-5 Days","8-9 Days","Lactational Amenorrhea","Post Menopausal","","","","","","","","","","","","","","","","","","",,,
"66695b0e-3a84-416e-bce4-8f952dab3186","Less than 26 Days",,"Misc","< 26 Days","N/A",,,,,,"","","","","","","","","","","","","","","","","","","","","","","","","","","","","","","","","","","","","","","",,,
"c4327ac9-a88e-4750-a6fa-009e13e92490","26-30 Days",,"Misc",,"N/A",,,,,,"","","","","","","","","","","","","","","","","","","","","","","","","","","","","","","","","","","","","","","",,,
"dd9142cd-9f6d-495c-892e-08e48ddeeeb4","More than 35 Days",,"Misc","> 35 Days","N/A",,,,,,"","","","","","","","","","","","","","","","","","","","","","","","","","","","","","","","","","","","","","","",,,
"5e043518-af1b-49c7-9c6d-24938e0cd739","M/C Interval",,"Misc",,"Coded",,,,,,"","","","","","","","","","","","","","","","","Less than 26 Days","26-30 Days","More than 35 Days","","","","","","","","","","","","","","","","","","","","",,,
"9df6d380-90ec-44f1-a9ad-e8a0755a25ac","Scanty",,"Misc",,"N/A",,,,,,"","","","","","","","","","","","","","","","","","","","","","","","","","","","","","","","","","","","","","","",,,
"71cbbd00-7334-439b-bbde-c5199dbe6a96","Average",,"Misc",,"N/A",,,,,,"","","","","","","","","","","","","","","","","","","","","","","","","","","","","","","","","","","","","","","",,,
"d614cc06-bb4c-4fc2-8c2d-ec49561ca542","Heavy",,"Misc",,"N/A",,,,,,"","","","","","","","","","","","","","","","","","","","","","","","","","","","","","","","","","","","","","","",,,
"d24b46bb-e94f-4c50-8351-258b532c49dd","M/C Amount",,"Misc",,"Coded",,,,,,"","","","","","","","","","","","","","","","","Scanty","Average","Heavy","","","","","","","","","","","","","","","","","","","","",,,
"6f4e51a3-04db-46ea-b917-ce8ec781d571","LMP",,"Misc",,"Date",,,,,,"","","","","","","","","","","","","","","","","","","","","","","","","","","","","","","","","","","","","","","",,,
"7ff56956-a2f1-419a-81c3-62073fb12e5c","Gravida",,"Misc",,"Numeric",,,,,,"","","","","","","","","","","","","","","","","","","","","","","","","","","","","","","","","","","","","","","",,,
"e7bdbbf3-cb38-47ff-93f7-3316d2285df8","Parity",,"Misc",,"Numeric",,,,,,"","","","","","","","","","","","","","","","","","","","","","","","","","","","","","","","","","","","","","","",,,
"38e8e111-fe2a-4d21-aea5-5b6c1b22d293","Live Births",,"Misc",,"Numeric",,,,,,"","","","","","","","","","","","","","","","","","","","","","","","","","","","","","","","","","","","","","","",,,
"0fe8289b-6dde-46ef-97cb-d7895894481c","Abortion",,"Misc","Abortion /कितने गर्भपात","Numeric",,,,,,"","","","","","","","","","","","","","","","","","","","","","","","","","","","","","","","","","","","","","","",,,
"137a9b91-bc7e-48ce-9631-ce9b4678579f","Bad Obs History - Yes",,"Misc","Yes","N/A",,,,,,"","","","","","","","","","","","","","","","","","","","","","","","","","","","","","","","","","","","","","","",,,
"bcf14a25-befb-40e8-8bfb-95edc5c848ba","Bad Obs History - No",,"Misc","No","N/A",,,,,,"","","","","","","","","","","","","","","","","","","","","","","","","","","","","","","","","","","","","","","",,,
"eed5bc8b-9362-4ecc-8958-80b93f484ce7","Bad Obs History",,"Misc",,"Coded",,,,,,"","","","","","","","","","","","","","","","","Bad Obs History - Yes","Bad Obs History - No","","","","","","","","","","","","","","","","","","","","","",,,
"47d9df4c-7000-4eb1-ba86-66ea40568998","2-3 Days",,"Misc",,"N/A",,,,,,"","","","","","","","","","","","","","","","","","","","","","","","","","","","","","","","","","","","","","","",,,
"885e166e-36a7-40e7-a80c-47c030556c91","4-5 Days",,"Misc",,"N/A",,,,,,"","","","","","","","","","","","","","","","","","","","","","","","","","","","","","","","","","","","","","","",,,
"cac77168-fbd6-4177-bd1e-5ce92d80eeec","8-9 Days",,"Misc",,"N/A",,,,,,"","","","","","","","","","","","","","","","","","","","","","","","","","","","","","","","","","","","","","","",,,
"c10981b9-399d-42a4-b812-61bc99bdcf49","Lactational Amenorrhea",,"Misc",,"N/A",,,,,,"","","","","","","","","","","","","","","","","","","","","","","","","","","","","","","","","","","","","","","",,,
"de820cca-5645-4b4c-86ca-99e3742d3849","Post Menopausal",,"Misc",,"N/A",,,,,,"","","","","","","","","","","","","","","","","","","","","","","","","","","","","","","","","","","","","","","",,,
"13aaf744-b6ec-42a7-97ab-cef2aa3d34e5","Obstetrics, Menstrual Cycle Days",,"Misc","M/C Days","Coded",,,,,,"","","","","","","","","","","","","","","","","2-3 Days","4-5 Days","8-9 Days","Lactational Amenorrhea","Post Menopausal","","","","","","","","","","","","","","","","","","",,,
"66695b0e-3a84-416e-bce4-8f952dab3186","Less than 26 Days",,"Misc","< 26 Days","N/A",,,,,,"","","","","","","","","","","","","","","","","","","","","","","","","","","","","","","","","","","","","","","",,,
"c4327ac9-a88e-4750-a6fa-009e13e92490","26-30 Days",,"Misc",,"N/A",,,,,,"","","","","","","","","","","","","","","","","","","","","","","","","","","","","","","","","","","","","","","",,,
"dd9142cd-9f6d-495c-892e-08e48ddeeeb4","More than 35 Days",,"Misc","> 35 Days","N/A",,,,,,"","","","","","","","","","","","","","","","","","","","","","","","","","","","","","","","","","","","","","","",,,
"c24d3714-3967-4607-94b1-50077c5a5ab6","Obstetrics, Menstrual Cycle Interval",,"Misc","M/C Interval","Coded",,,,,,"","","","","","","","","","","","","","","","","Less than 26 Days","26-30 Days","More than 35 Days","","","","","","","","","","","","","","","","","","","","",,,
"9df6d380-90ec-44f1-a9ad-e8a0755a25ac","Scanty",,"Misc",,"N/A",,,,,,"","","","","","","","","","","","","","","","","","","","","","","","","","","","","","","","","","","","","","","",,,
"71cbbd00-7334-439b-bbde-c5199dbe6a96","Average",,"Misc",,"N/A",,,,,,"","","","","","","","","","","","","","","","","","","","","","","","","","","","","","","","","","","","","","","",,,
"d614cc06-bb4c-4fc2-8c2d-ec49561ca542","Heavy",,"Misc",,"N/A",,,,,,"","","","","","","","","","","","","","","","","","","","","","","","","","","","","","","","","","","","","","","",,,
"60b7add9-970a-4d75-9c97-cd549e2c7366","Obstetrics, Menstrual Cycle Amount",,"Misc","M/C Amount","Coded",,,,,,"","","","","","","","","","","","","","","","","Scanty","Average","Heavy","","","","","","","","","","","","","","","","","","","","",,,
"acb55bfa-ed48-4140-a742-2f0c13e32e5f","Obstetrics, Last Menstrual Period",,"Misc","LMP","Date",,,,,,"","","","","","","","","","","","","","","","","","","","","","","","","","","","","","","","","","","","","","","",,,
"166f0d4c-e448-4c5b-810a-9850b4317422","Estimated Date of Delivery",,"Computed","EDD","Date",,,,,,"","","","","","","","","","","","","","","","","","","","","","","","","","","","","","","","","","","","","","","",,,
"6280aa16-76ac-4e0a-8045-85abe688cfdd","Obstetrics, Gravida",,"Misc","Gravida","Numeric",,,,,,"","","","","","","","","","","","","","","","","","","","","","","","","","","","","","","","","","","","","","","",,,
"37df8c11-addd-432d-84c8-8f5b1c518c3a","Obstetrics, Parity",,"Misc","Parity","Numeric",,,,,,"","","","","","","","","","","","","","","","","","","","","","","","","","","","","","","","","","","","","","","",,,
"7e9edda3-c27d-4e50-b4ef-e252825c65ed","Obstetrics, Live Births",,"Misc","Live Births","Numeric",,,,,,"","","","","","","","","","","","","","","","","","","","","","","","","","","","","","","","","","","","","","","",,,
"958eaa7b-2a24-4010-ac4f-ad7d76ede2fb","Obstetrics, Abortion",,"Misc","Abortion","Numeric",,,,,,"","","","","","","","","","","","","","","","","","","","","","","","","","","","","","","","","","","","","","","",,,
"819a76d3-0665-448e-a714-7c13e8382963","Obstetrics, Bad Obstetrical History",,"Misc","Bad Obs History","Boolean",,,,,,"","","","","","","","","","","","","","","","","","","","","","","","","","","","","","","","","","","","","","","",,,
"ec357676-86a8-4d6c-b602-d6a5903be760","Obstetrics, Tetanus Vaccination Taken",,"Misc","Tetanus Vaccination Taken","Boolean",,,,,,"","","","","","","","","","","","","","","","","","","","","","","","","","","","","","","","","","","","","","","",,,
"c93b8c2d-bfc7-4268-881b-b8de7459a5f5","Obstetrics, Fundal Height",,"Finding","Fundal Height","Text",,,,,,"","","","","","","","","","","","","","","","","","","","","","","","","","","","","","","","","","","","","","","",,,
"3b2fedbe-bb87-498e-abaa-09eb00ad4f74","Cephalic Presentation",,"Misc","Cephalic","N/A",,,,,,"","","","","","","","","","","","","","","","","","","","","","","","","","","","","","","","","","","","","","","",,,
"d4963326-1b24-4f78-959d-d4266927f977","Breech Presentation",,"Misc","Breech","N/A",,,,,,"","","","","","","","","","","","","","","","","","","","","","","","","","","","","","","","","","","","","","","",,,
"95c89ccc-da70-44cc-9b7d-98b02bb98dde","Transverse Presentation",,"Misc","Transverse","N/A",,,,,,"","","","","","","","","","","","","","","","","","","","","","","","","","","","","","","","","","","","","","","",,,
"40b224c7-e6ed-40f4-9169-42d9e3d1939b","Obstetrics, P/A Presenting Part",,"Misc","P/A Presenting Part","Coded",,,,,,"","","","","","","","","","","","","","","","","Cephalic Presentation","Breech Presentation","Transverse Presentation","","","","","","","","","","","","","","","","","","","","",,,
"efb6b45b-ec52-4ecc-a165-401aa17836b1","FHS Present",,"Misc","Present","N/A",,,,,,"","","","","","","","","","","","","","","","","","","","","","","","","","","","","","","","","","","","","","","",,,
"649ef176-d40f-49f2-ac88-185f7720e3a1","FHS Absent",,"Misc","Absent","N/A",,,,,,"","","","","","","","","","","","","","","","","","","","","","","","","","","","","","","","","","","","","","","",,,
"2c8d9bd0-dbe6-4034-acb2-9fc81bd71423","Movement Present","FHS not clear but fetal movement present","Misc",,"N/A",,,,,,"","","","","","","","","","","","","","","","","","","","","","","","","","","","","","","","","","","","","","","",,,
"f49178c3-09ae-4b55-818a-cc6c1a6666e4","Obstetrics, Fetal Heart Sound",,"Misc","FHS","Coded",,,,,,"","","","","","","","","","","","","","","","","FHS Present","FHS Absent","Movement Present","","","","","","","","","","","","","","","","","","","","",,,
"e4355857-c460-41bf-af24-a5318062e6d6","Normal",,"Misc",,"N/A",,,,,,"","","","","","","","","","","","","","","","","","","","","","","","","","","","","","","","","","","","","","","",,,
"7729041b-1ed1-4ac2-8c4e-160836b7874a","Increased",,"Misc",,"N/A",,,,,,"","","","","","","","","","","","","","","","","","","","","","","","","","","","","","","","","","","","","","","",,,
"960dbf02-b420-427d-872b-95cff532364d","Decreased",,"Misc",,"N/A",,,,,,"","","","","","","","","","","","","","","","","","","","","","","","","","","","","","","","","","","","","","","",,,
"a5131d07-de50-4601-a50e-79ec2937a0eb","Obstetrics, Amount of Liquor",,"Misc","Amount of Liquor","Coded",,,,,,"","","","","","","","","","","","","","","","","Normal","Increased","Decreased","","","","","","","","","","","","","","","","","","","","",,,
"f5cd1985-d1af-4bc6-a172-2d26ea9d2db5","Mild",,"Misc",,"N/A",,,,,,"","","","","","","","","","","","","","","","","","","","","","","","","","","","","","","","","","","","","","","",,,
"ccc6ea29-9ac6-4e93-88e9-d6262564c3cd","Moderate",,"Misc",,"N/A",,,,,,"","","","","","","","","","","","","","","","","","","","","","","","","","","","","","","","","","","","","","","",,,
"cfd3984a-dff8-41f8-8898-ba51fb5de2f8","Severe",,"Misc",,"N/A",,,,,,"","","","","","","","","","","","","","","","","","","","","","","","","","","","","","","","","","","","","","","",,,
"a793e6a4-5fcb-43c8-98d4-36cce2cfb85f","Obstetrics, Contractions",,"Misc","Contractions","Coded",,,,,,"","","","","","","","","","","","","","","","","Mild","Moderate","Severe","","","","","","","","","","","","","","","","","","","","",,,
"123c296a-0c8c-4511-83f4-5e228e6ca040","Head Presentation",,"Misc","Head","N/A",,,,,,"","","","","","","","","","","","","","","","","","","","","","","","","","","","","","","","","","","","","","","",,,
"d4963326-1b24-4f78-959d-d4266927f977","Breech Presentation",,"Misc","Breech","N/A",,,,,,"","","","","","","","","","","","","","","","","","","","","","","","","","","","","","","","","","","","","","","",,,
"e984e25c-206c-41b8-ba1a-ac3f45df1bb3","Hand Presentation",,"Misc","Hand","N/A",,,,,,"","","","","","","","","","","","","","","","","","","","","","","","","","","","","","","","","","","","","","","",,,
"56153f28-609b-4c45-93b7-41602b7e19aa","Obstetrics, P/V Presenting Part",,"Misc","P/V Presenting Part","Coded",,,,,,"","","","","","","","","","","","","","","","","Head Presentation","Breech Presentation","Hand Presentation","","","","","","","","","","","","","","","","","","","","",,,
"9351adeb-c002-4eb2-a6a2-17df3a93240c","Closed",,"Misc",,"N/A",,,,,,"","","","","","","","","","","","","","","","","","","","","","","","","","","","","","","","","","","","","","","",,,
"131a785c-7f87-49c4-8609-c917c76deceb","Open",,"Misc",,"N/A",,,,,,"","","","","","","","","","","","","","","","","","","","","","","","","","","","","","","","","","","","","","","",,,
"f3f9520c-bf6b-4d30-a55e-39ed955d1139","OS",,"Misc",,"Coded",,,,,,"","","","","","","","","","","","","","","","","Closed","Open","","","","","","","","","","","","","","","","","","","","","",,,
"e64b01d4-c949-4e2c-9da0-5a6bb82cc4d0","Present",,"Misc",,"N/A",,,,,,"","","","","","","","","","","","","","","","","","","","","","","","","","","","","","","","","","","","","","","",,,
"77f8d579-304a-48c3-826c-d67e3f1aa70f","Absent",,"Misc",,"N/A",,,,,,"","","","","","","","","","","","","","","","","","","","","","","","","","","","","","","","","","","","","","","",,,
"38c6efdf-c7fd-4178-b0b2-2e2db7fbc59e","Obstetrics, Membrane",,"Misc","Membrane","Coded",,,,,,"","","","","","","","","","","","","","","","","Present","Absent","","","","","","","","","","","","","","","","","","","","","",,,
"faf00444-a45c-4660-8cd8-3b8160c83b61","Clear",,"Misc",,"N/A",,,,,,"","","","","","","","","","","","","","","","","","","","","","","","","","","","","","","","","","","","","","","",,,
"93e0d0e1-4fd8-4e02-89e2-bf5649399f23","Meconium",,"Misc",,"N/A",,,,,,"","","","","","","","","","","","","","","","","","","","","","","","","","","","","","","","","","","","","","","",,,
"2b872945-7ee4-4b02-afb9-f7c618ebb908","Obstetrics, Liquor",,"Misc","Liquor","Coded",,,,,,"","","","","","","","","","","","","","","","","Clear","Meconium","","","","","","","","","","","","","","","","","","","","","",,,
"623b0bbf-cee7-4044-a247-889d240fac2e","Obstetrics, Effacement of Cervix",,"Misc","Effacement of Cervix","Text",,,,,,"","","","","","","","","","","","","","","","","","","","","","","","","","","","","","","","","","","","","","","",,,
"8c4811bb-c7fa-4e07-9cb3-aca532363610","Obstetrics, Cervical Dilation",,"Misc","Cervical Dilation","Text",,,,,,"","","","","","","","","","","","","","","","","","","","","","","","","","","","","","","","","","","","","","","",,,
"b0b5d5cd-e770-49be-9b09-3f5ae95d1c49","Obstetrics, Ultrasound Findings",,"Finding","Ultrasound Findings","Text",,,,,,"","","","","","","","","","","","","","","","","","","","","","","","","","","","","","","","","","","","","","","",,,
"233e3ccb-c16c-40fe-8ecb-320c8b1b13af","Image",,"Image","Image","Complex",,,,,,"","","","","","","","","","","","","","","","","","","","","","","","","","","","","","","","","","","","","","","",,,
"35cd1121-6ff9-417b-bf8e-4e376292e073","Regular",,"Misc",,"N/A",,,,,,"","","","","","","","","","","","","","","","","","","","","","","","","","","","","","","","","","","","","","","",,,
"c37f3504-dd60-45a0-8f4a-02250068446a","Irregular",,"Misc",,"N/A",,,,,,"","","","","","","","","","","","","","","","","","","","","","","","","","","","","","","","","","","","","","","",,,
"24aec368-a150-4a29-bb27-3d29e0a6da37","Gynaecology, Menstrual Cycle",,"Misc","M/C","Coded",,,,,,"","","","","","","","","","","","","","","","","Regular","Irregular","","","","","","","","","","","","","","","","","","","","","",,,
"47d9df4c-7000-4eb1-ba86-66ea40568998","2-3 Days",,"Misc",,"N/A",,,,,,"","","","","","","","","","","","","","","","","","","","","","","","","","","","","","","","","","","","","","","",,,
"885e166e-36a7-40e7-a80c-47c030556c91","4-5 Days",,"Misc",,"N/A",,,,,,"","","","","","","","","","","","","","","","","","","","","","","","","","","","","","","","","","","","","","","",,,
"cac77168-fbd6-4177-bd1e-5ce92d80eeec","8-9 Days",,"Misc",,"N/A",,,,,,"","","","","","","","","","","","","","","","","","","","","","","","","","","","","","","","","","","","","","","",,,
"c10981b9-399d-42a4-b812-61bc99bdcf49","Lactational Amenorrhea",,"Misc",,"N/A",,,,,,"","","","","","","","","","","","","","","","","","","","","","","","","","","","","","","","","","","","","","","",,,
"de820cca-5645-4b4c-86ca-99e3742d3849","Post Menopausal",,"Misc",,"N/A",,,,,,"","","","","","","","","","","","","","","","","","","","","","","","","","","","","","","","","","","","","","","",,,
"73e878a0-8a5c-4f8c-96e5-fb4cec0c2884","Gynaecology, Menstrual Cycle Days",,"Misc","M/C Days","Coded",,,,,,"","","","","","","","","","","","","","","","","2-3 Days","4-5 Days","8-9 Days","Lactational Amenorrhea","Post Menopausal","","","","","","","","","","","","","","","","","","",,,
"66695b0e-3a84-416e-bce4-8f952dab3186","Less than 26 Days",,"Misc","< 26 Days","N/A",,,,,,"","","","","","","","","","","","","","","","","","","","","","","","","","","","","","","","","","","","","","","",,,
"c4327ac9-a88e-4750-a6fa-009e13e92490","26-30 Days",,"Misc",,"N/A",,,,,,"","","","","","","","","","","","","","","","","","","","","","","","","","","","","","","","","","","","","","","",,,
"dd9142cd-9f6d-495c-892e-08e48ddeeeb4","More than 35 Days",,"Misc","> 35 Days","N/A",,,,,,"","","","","","","","","","","","","","","","","","","","","","","","","","","","","","","","","","","","","","","",,,
"67ab6a50-6b03-4036-9c8b-2a926891cb52","Gynaecology, Menstrual Cycle Interval",,"Misc","M/C Interval","Coded",,,,,,"","","","","","","","","","","","","","","","","Less than 26 Days","26-30 Days","More than 35 Days","","","","","","","","","","","","","","","","","","","","",,,
"9df6d380-90ec-44f1-a9ad-e8a0755a25ac","Scanty",,"Misc",,"N/A",,,,,,"","","","","","","","","","","","","","","","","","","","","","","","","","","","","","","","","","","","","","","",,,
"71cbbd00-7334-439b-bbde-c5199dbe6a96","Average",,"Misc",,"N/A",,,,,,"","","","","","","","","","","","","","","","","","","","","","","","","","","","","","","","","","","","","","","",,,
"d614cc06-bb4c-4fc2-8c2d-ec49561ca542","Heavy",,"Misc",,"N/A",,,,,,"","","","","","","","","","","","","","","","","","","","","","","","","","","","","","","","","","","","","","","",,,
"7892cc4a-9380-4a55-b267-776f38e5575d","Gynaecology, Menstrual Cycle Amount",,"Misc","M/C Amount","Coded",,,,,,"","","","","","","","","","","","","","","","","Scanty","Average","Heavy","","","","","","","","","","","","","","","","","","","","",,,
"961bad4c-b63d-4c02-845f-8ad4517626d6","Gynaecology, Last Menstrual Period",,"Misc","LMP","Date",,,,,,"","","","","","","","","","","","","","","","","","","","","","","","","","","","","","","","","","","","","","","",,,
"f0797314-2e93-4255-aae8-897173cbdf3b","Gynaecology, Gravida",,"Misc","Gravida","Numeric",,,,,,"","","","","","","","","","","","","","","","","","","","","","","","","","","","","","","","","","","","","","","",,,
"535d7e05-8fe0-4cd3-91a2-cf2b23897dda","Gynaecology, Parity",,"Misc","Parity","Numeric",,,,,,"","","","","","","","","","","","","","","","","","","","","","","","","","","","","","","","","","","","","","","",,,
"ceee5819-0a47-4289-aedc-51882271a0c0","Gynaecology, Live Births",,"Misc","Live Births","Numeric",,,,,,"","","","","","","","","","","","","","","","","","","","","","","","","","","","","","","","","","","","","","","",,,
"02bfa250-56e1-4c18-95f6-4bff10a911a4","Gynaecology, Abortion",,"Misc","Abortion","Numeric",,,,,,"","","","","","","","","","","","","","","","","","","","","","","","","","","","","","","","","","","","","","","",,,
"c23cbb24-e9a3-4ea6-829d-190c07178a5a","Gynaecology, Bad Obstetrical History",,"Misc","Bad Obs History","Boolean",,,,,,"","","","","","","","","","","","","","","","","","","","","","","","","","","","","","","","","","","","","","","",,,
"977fcc18-966a-407b-a2f9-f42cf8db4e35","Done",,"Misc",,"N/A",,,,,,"","","","","","","","","","","","","","","","","","","","","","","","","","","","","","","","","","","","","","","",,,
"5e7b4c98-2b64-41e4-a366-6f2217ac6ec6","Not Done",,"Misc",,"N/A",,,,,,"","","","","","","","","","","","","","","","","","","","","","","","","","","","","","","","","","","","","","","",,,
"4160095c-6984-4a0f-b70f-f93b760d69df","Gynaecology, Tubal Ligation",,"Misc","TL","Coded",,,,,,"","","","","","","","","","","","","","","","","Done","Not Done","","","","","","","","","","","","","","","","","","","","","",,,
"e4355857-c460-41bf-af24-a5318062e6d6","Normal",,"Misc",,"N/A",,,,,,"","","","","","","","","","","","","","","","","","","","","","","","","","","","","","","","","","","","","","","",,,
"d9fa3f46-cd5e-4a3a-a7d3-2d96bf3e4df0","Growth",,"Misc",,"N/A",,,,,,"","","","","","","","","","","","","","","","","","","","","","","","","","","","","","","","","","","","","","","",,,
"7dc0761d-8575-4183-a691-7170350cf581","Erosion",,"Misc",,"N/A",,,,,,"","","","","","","","","","","","","","","","","","","","","","","","","","","","","","","","","","","","","","","",,,
"032209cb-40e1-4d1a-8038-7dcb91bef37a","Gynaecology, Cervix Size",,"Misc","Cervix Size","Coded",,,,,,"","","","","","","","","","","","","","","","","Normal","Growth","Erosion","","","","","","","","","","","","","","","","","","","","",,,
"07858e3a-2463-4e4a-8029-44d60d58426b","VIA Test (+ve)",,"Misc",,"N/A",,,,,,"","","","","","","","","","","","","","","","","","","","","","","","","","","","","","","","","","","","","","","",,,
"7711975b-91f7-4a2d-8520-0108089b1c57","VIA Test (-ve)",,"Misc",,"N/A",,,,,,"","","","","","","","","","","","","","","","","","","","","","","","","","","","","","","","","","","","","","","",,,
"7a182a84-1640-4de6-ab01-87ce15b4ca96","Gynaecology, VIA Test",,"Misc","VIA Test","Coded",,,,,,"","","","","","","","","","","","","","","","","VIA Test (+ve)","VIA Test (-ve)","","","","","","","","","","","","","","","","","","","","","",,,
"e4355857-c460-41bf-af24-a5318062e6d6","Normal",,"Misc",,"N/A",,,,,,"","","","","","","","","","","","","","","","","","","","","","","","","","","","","","","","","","","","","","","",,,
"2fd669e4-b483-4f23-ab96-7280bb81417d","Enlarged",,"Misc",,"N/A",,,,,,"","","","","","","","","","","","","","","","","","","","","","","","","","","","","","","","","","","","","","","",,,
"6a8d5974-42a4-4c04-a179-a654801e4d79","Gynaecology, Uterus Size",,"Misc","Uterus Size","Coded",,,,,,"","","","","","","","","","","","","","","","","Normal","Enlarged","","","","","","","","","","","","","","","","","","","","","",,,
"8dbd130d-fa58-46c8-b848-a1eb3b5e39d6","Soft",,"Misc",,"N/A",,,,,,"","","","","","","","","","","","","","","","","","","","","","","","","","","","","","","","","","","","","","","",,,
"76905223-fcc8-4d15-9694-74d3b9e4c545","Firm",,"Misc",,"N/A",,,,,,"","","","","","","","","","","","","","","","","","","","","","","","","","","","","","","","","","","","","","","",,,
"db240703-aff1-4ded-9ddd-59b8dc132bc3","Gynaecology, Uterus Form",,"Misc","Uterus Form","Coded",,,,,,"","","","","","","","","","","","","","","","","Soft","Firm","","","","","","","","","","","","","","","","","","","","","",,,
"3e8ce776-f3c2-44a5-9a94-5fdbb4db64a5","Anteverted",,"Misc","A/V","N/A",,,,,,"","","","","","","","","","","","","","","","","","","","","","","","","","","","","","","","","","","","","","","",,,
"09897910-b85e-4137-adb2-604c51b8cbda","Retroverted",,"Misc","R/V","N/A",,,,,,"","","","","","","","","","","","","","","","","","","","","","","","","","","","","","","","","","","","","","","",,,
"724f61ef-4c0d-40f2-b1d2-fb9df920bc11","Gynaecology, Uterus Position",,"Misc","Uterus Position","Coded",,,,,,"","","","","","","","","","","","","","","","","Anteverted","Retroverted","","","","","","","","","","","","","","","","","","","","","",,,
"7ae5a84f-497e-4769-9adc-c62e705a7866","Mobile",,"Misc",,"N/A",,,,,,"","","","","","","","","","","","","","","","","","","","","","","","","","","","","","","","","","","","","","","",,,
"e15548d5-cca3-423d-ab5b-7c397322e506","Restricted Mobile",,"Misc",,"N/A",,,,,,"","","","","","","","","","","","","","","","","","","","","","","","","","","","","","","","","","","","","","","",,,
"69a53e27-97ca-4c8a-8ab3-440940783127","Gynaecology, Uterus Mobility",,"Misc","Uterus Mobility","Coded",,,,,,"","","","","","","","","","","","","","","","","Mobile","Restricted Mobile","","","","","","","","","","","","","","","","","","","","","",,,
"9351adeb-c002-4eb2-a6a2-17df3a93240c","Closed",,"Misc",,"N/A",,,,,,"","","","","","","","","","","","","","","","","","","","","","","","","","","","","","","","","","","","","","","",,,
"131a785c-7f87-49c4-8609-c917c76deceb","Open",,"Misc",,"N/A",,,,,,"","","","","","","","","","","","","","","","","","","","","","","","","","","","","","","","","","","","","","","",,,
"f3f9520c-bf6b-4d30-a55e-39ed955d1139","OS",,"Misc",,"Coded",,,,,,"","","","","","","","","","","","","","","","","Closed","Open","","","","","","","","","","","","","","","","","","","","","",,,
"e64b01d4-c949-4e2c-9da0-5a6bb82cc4d0","Present",,"Misc",,"N/A",,,,,,"","","","","","","","","","","","","","","","","","","","","","","","","","","","","","","","","","","","","","","",,,
"77f8d579-304a-48c3-826c-d67e3f1aa70f","Absent",,"Misc",,"N/A",,,,,,"","","","","","","","","","","","","","","","","","","","","","","","","","","","","","","","","","","","","","","",,,
"9ecbe6e8-8b14-4bf2-9cd3-185564a3ab6b","Gynaecology, Bleeding",,"Misc","Bleeding","Coded",,,,,,"","","","","","","","","","","","","","","","","Present","Absent","","","","","","","","","","","","","","","","","","","","","",,,
"b51905b4-1570-4a47-952f-dc0eda89e273","Gynaecology, P/V Uterus Enlarged Size",,"Misc","P/V Uterus Enlarged Size","Numeric",,,,,,"","","","","","","","","","","","","","","","","","","","","","","","","","","","","","","","","","","","","","","",,,
"d78dc79f-9925-413b-8f9c-083f26b9a219","Gynaecology, P/R (per rectal)",,"Misc","P/R (per rectal)","Text",,,,,,"","","","","","","","","","","","","","","","","","","","","","","","","","","","","","","","","","","","","","","",,,
"1c413fb2-801a-4e84-8fee-8f7d79f0312b","Diabetes, Diagnosed Date",,"Misc","Diagnosed Date","Date",,,,,,"","","","","","","","","","","","","","","","","","","","","","","","","","","","","","","","","","","","","","","",,,
"93cee5e7-b8f6-4ea5-a3e6-b94b6a9c6f30","Diabetes, Treatment Stopped Date",,"Misc","Treatment Stopped Date","Date",,,,,,"","","","","","","","","","","","","","","","","","","","","","","","","","","","","","","","","","","","","","","",,,
"44026594-658c-446f-a42b-66492fd8408d","Diabetes Complication, Brain",,"Misc","Brain","N/A",,,,,,"","","","","","","","","","","","","","","","","","","","","","","","","","","","","","","","","","","","","","","",,,
"10fef182-42d3-4a2d-8aec-fcccd6e854cd","Diabetic Foot",,"Diagnosis","Diabetic foot","N/A",,,,,,"","","","","","","","","","","","","","","","","","","","","","","","","","","","","","","","","","","","","","","",,,
"f69b1c67-3271-4d6d-a4de-9e5d3bc6da69","Diabetes Complication, CRF",,"Misc","CRF","N/A",,,,,,"","","","","","","","","","","","","","","","","","","","","","","","","","","","","","","","","","","","","","","",,,
"32687510-5fd7-42f4-913a-4711a6250b01","Diabetes Complication, Heart",,"Misc","Heart","N/A",,,,,,"","","","","","","","","","","","","","","","","","","","","","","","","","","","","","","","","","","","","","","",,,
"51c08e63-4455-4cb4-a3f8-60aa062ef5a1","Diabetes Complication, Nephropathy",,"Misc","Nephropathy","N/A",,,,,,"","","","","","","","","","","","","","","","","","","","","","","","","","","","","","","","","","","","","","","",,,
"a78168b1-9b54-45aa-87be-3e955f22c42c","Diabetes Complication, Neuropathy",,"Misc","Neuropathy","N/A",,,,,,"","","","","","","","","","","","","","","","","","","","","","","","","","","","","","","","","","","","","","","",,,
"af7254c6-7ace-4e4e-aa16-c015cd9597cc","Diabetes Complication, Retinopathy",,"Misc","Retinopathy","N/A",,,,,,"","","","","","","","","","","","","","","","","","","","","","","","","","","","","","","","","","","","","","","",,,
"f6c89bec-21fc-4535-b4ab-fb83f05c6eae","Diabetes Complication, Skin",,"Misc","Skin","N/A",,,,,,"","","","","","","","","","","","","","","","","","","","","","","","","","","","","","","","","","","","","","","",,,
"89df58c7-8535-474c-bfe4-0bb970be8e71","Diabetes Complication, Other complications",,"Misc","Other complications","N/A",,,,,,"","","","","","","","","","","","","","","","","","","","","","","","","","","","","","","","","","","","","","","",,,
"155bdbaa-b551-4734-8b90-4e4e5302517d","Diabetes Complication, None",,"Misc","None","N/A",,,,,,"","","","","","","","","","","","","","","","","","","","","","","","","","","","","","","","","","","","","","","",,,
"5ec8dd19-2446-4edf-818b-5faffec63427","Diabetes, Complications",,"Misc","Complications","Coded",,,,,,"","","","","","","","","","","","","","","","","Diabetes Complication, Brain","Diabetic Foot","Diabetes Complication, CRF","Diabetes Complication, Heart","Diabetes Complication, Nephropathy","Diabetes Complication, Neuropathy","Diabetes Complication, Retinopathy","Diabetes Complication, Skin","Diabetes Complication, Other complications","Diabetes Complication, None","","","","","","","","","","","","","",,,
"fc5a1852-3383-4824-8d0e-51d20d9f7bc1","Weakness",,"Symptom",,"N/A",,,,,,"","","","","","","","","","","","","","","","","","","","","","","","","","","","","","","","","","","","","","","",,,
"4e294e8c-ed86-11e3-8f57-746bba63c2a3","Tingling",,"Misc","Tingling","N/A",,,,,,"","","","","","","","","","","","","","","","","","","","","","","","","","","","","","","","","","","","","","","",,,
"18e65a93-ed86-11e3-8f57-746bba63c2a3","Breathlessness",,"Misc",,"N/A",,,,,,"","","","","","","","","","","","","","","","","","","","","","","","","","","","","","","","","","","","","","","",,,
"5d432407-e34d-11e3-983a-91270dcbd3bf","Fever",,"Misc","Fever","N/A",,,,,,"","","","","","","","","","","","","","","","","","","","","","","","","","","","","","","","","","","","","","","",,,
"59201706-fe05-4451-9da6-c173267d7291","Excessive Urine",,"Misc",,"N/A",,,,,,"","","","","","","","","","","","","","","","","","","","","","","","","","","","","","","","","","","","","","","",,,
"c13a89df-37e1-4333-8b1f-f527ac408443","Excessive Appetite",,"Misc",,"N/A",,,,,,"","","","","","","","","","","","","","","","","","","","","","","","","","","","","","","","","","","","","","","",,,
"aad0e01b-6094-4fbd-ad52-27f4183ffe19","Thirsty Feeling",,"Misc",,"N/A",,,,,,"","","","","","","","","","","","","","","","","","","","","","","","","","","","","","","","","","","","","","","",,,
"3cce8878-66c5-46b1-9084-d6bfc912f4e3","Loss of sensation",,"Symptom",,"N/A",,,,,,"","","","","","","","","","","","","","","","","","","","","","","","","","","","","","","","","","","","","","","",,,
"80197de2-6aa9-47cd-9c57-ca5de6dbc3bf","Sweating",,"Symptom",,"N/A",,,,,,"","","","","","","","","","","","","","","","","","","","","","","","","","","","","","","","","","","","","","","",,,
"a64a9305-cdee-4833-bb27-a89585b1f588","Dizziness",,"Misc",,"N/A",,,,,,"","","","","","","","","","","","","","","","","","","","","","","","","","","","","","","","","","","","","","","",,,
"9860475e-623a-4c4e-95a0-7fd468844431","Unconsciousness",,"Misc",,"N/A",,,,,,"","","","","","","","","","","","","","","","","","","","","","","","","","","","","","","","","","","","","","","",,,
"68b47bd2-e34d-11e3-983a-91270dcbd3bf","Nocturia",,"Misc","Nocturia","N/A",,,,,,"","","","","","","","","","","","","","","","","","","","","","","","","","","","","","","","","","","","","","","",,,
"740dbbb7-75a6-4179-bd97-91d5f01d0e87","Obesity And Weight Gain",,"Misc",,"N/A",,,,,,"","","","","","","","","","","","","","","","","","","","","","","","","","","","","","","","","","","","","","","",,,
"2a13f92e-4cb9-491a-a017-9230ecb2b6b1","Weight loss",,"Misc",,"N/A",,,,,,"","","","","","","","","","","","","","","","","","","","","","","","","","","","","","","","","","","","","","","",,,
"64f8a8f3-10dd-44da-bf85-f794bf9edea8","Ulcer",,"Misc",,"N/A",,,,,,"","","","","","","","","","","","","","","","","","","","","","","","","","","","","","","","","","","","","","","",,,
"5939d92c-e34d-11e3-983a-91270dcbd3bf","Cough",,"Misc","Cough","N/A",,,,,,"","","","","","","","","","","","","","","","","","","","","","","","","","","","","","","","","","","","","","","",,,
"a87fb923-c5d6-4acf-a42b-48bb10533053","Diabetes, Itchy skin lesion",,"Misc","Itchy skin lesion","N/A",,,,,,"","","","","","","","","","","","","","","","","","","","","","","","","","","","","","","","","","","","","","","",,,
"1fb6a0c4-ed86-11e3-8f57-746bba63c2a3","Giddiness",,"Misc","Giddiness","N/A",,,,,,"","","","","","","","","","","","","","","","","","","","","","","","","","","","","","","","","","","","","","","",,,
"6cb6592e-6483-42bc-a0cb-1b86cb05bf7f","Blurring of Vision",,"Misc",,"N/A",,,,,,"","","","","","","","","","","","","","","","","","","","","","","","","","","","","","","","","","","","","","","",,,
"41d9001b-ed86-11e3-8f57-746bba63c2a3","White Discharge",,"Misc","White Discharge","N/A",,,,,,"Leukorrhea","","","","","","","","","","","","","","","","","","","","","","","","","","","","","","","","","","","","","","",,,
"20b15708-0bc5-4005-8886-9b7457cebd81","Diabetes, Erectile Dysfunction",,"Misc","Erectile Dysfunction","N/A",,,,,,"","","","","","","","","","","","","","","","","","","","","","","","","","","","","","","","","","","","","","","",,,
"a6c9e9d4-02cf-4354-9193-1a35b5704751","None",,"Misc",,"N/A",,,,,,"","","","","","","","","","","","","","","","","","","","","","","","","","","","","","","","","","","","","","","",,,
"01badc59-8cd7-4c6e-846b-e1a923c223ee","Diabetes, Complaint","Only those not recorded earlier","Symptom","Complaint","Coded",,,,,,"","","","","","","","","","","","","","","","","Weakness","Tingling","Breathlessness","Fever","Excessive Urine","Excessive Appetite","Thirsty Feeling","Loss of sensation","Sweating","Dizziness","Unconsciousness","Nocturia","Obesity And Weight Gain","Weight loss","Ulcer","Cough","Diabetes, Itchy skin lesion","Giddiness","Blurring of Vision","White Discharge","Diabetes, Erectile Dysfunction","None","",,,
"da46b45c-aa7b-4858-975f-7827cd831108","Diabetes, Abnormal",,"Misc","Abnormal","N/A",,,,,,"","","","","","","","","","","","","","","","","","","","","","","","","","","","","","","","","","","","","","","",,,
"b1ddb87d-8930-43ef-a1cc-1430cea57005","Diabetes, Normal",,"Misc","Normal","N/A",,,,,,"","","","","","","","","","","","","","","","","","","","","","","","","","","","","","","","","","","","","","","",,,
"db466f75-584e-47ef-96a6-ccde4482a1db","Diabetes, Peripheral Pulses",,"Misc","Peripheral Pulses","Coded",,,,,,"","","","","","","","","","","","","","","","","Diabetes, Abnormal","Diabetes, Normal","","","","","","","","","","","","","","","","","","","","","",,,
"da46b45c-aa7b-4858-975f-7827cd831108","Diabetes, Abnormal",,"Misc","Abnormal","N/A",,,,,,"","","","","","","","","","","","","","","","","","","","","","","","","","","","","","","","","","","","","","","",,,
"b1ddb87d-8930-43ef-a1cc-1430cea57005","Diabetes, Normal",,"Misc","Normal","N/A",,,,,,"","","","","","","","","","","","","","","","","","","","","","","","","","","","","","","","","","","","","","","",,,
"2b40efca-8d5d-4690-a37f-ff4d4ada5102","Diabetes, Sensory Charting Assessment",,"Misc","Sensory Charting Assessment","Coded",,,,,,"","","","","","","","","","","","","","","","","Diabetes, Abnormal","Diabetes, Normal","","","","","","","","","","","","","","","","","","","","","",,,
"da46b45c-aa7b-4858-975f-7827cd831108","Diabetes, Abnormal",,"Misc","Abnormal","N/A",,,,,,"","","","","","","","","","","","","","","","","","","","","","","","","","","","","","","","","","","","","","","",,,
"b1ddb87d-8930-43ef-a1cc-1430cea57005","Diabetes, Normal",,"Misc","Normal","N/A",,,,,,"","","","","","","","","","","","","","","","","","","","","","","","","","","","","","","","","","","","","","","",,,
"a408441f-d028-4a61-9a3b-2ffa1a607e5e","Diabetes, Skin fold Thickness",,"Misc","Skin fold Thickness","Coded",,,,,,"","","","","","","","","","","","","","","","","Diabetes, Abnormal","Diabetes, Normal","","","","","","","","","","","","","","","","","","","","","",,,
"d4ba9647-bc87-4698-b357-9c26a2aa2486","Diabetes, Foot Normal",,"Symptom/Finding","Normal","N/A",,,,,,"","","","","","","","","","","","","","","","","","","","","","","","","","","","","","","","","","","","","","","",,,
"f5310242-25db-492d-a93f-473b5d2602de","Neuropathy",,"Misc",,"N/A",,,,,,"","","","","","","","","","","","","","","","","","","","","","","","","","","","","","","","","","","","","","","",,,
"a3d1e582-dec1-4921-bf13-10f23e37d4e8","PVD",,"Misc",,"N/A",,,,,,"","","","","","","","","","","","","","","","","","","","","","","","","","","","","","","","","","","","","","","",,,
"5508a7b2-f583-473d-8cf9-f7fc25101ee8","Diabetes, Foot Exam",,"Misc","Foot Exam","Coded",,,,,,"","","","","","","","","","","","","","","","","Diabetes, Foot Normal","Neuropathy","PVD","","","","","","","","","","","","","","","","","","","","",,,
"baf97c55-454f-4c14-bcc3-059cdd26c720","Background Diabetic Retinopathy",,"Misc","1.Background Diabetic Retinopathy","N/A",,,,,,"","","","","","","","","","","","","","","","","","","","","","","","","","","","","","","","","","","","","","","",,,
"7ef5a585-49d5-4641-9f1e-a3c93a62b471","PreProliferative Diabetic Retinopathy",,"Misc","2.PreProliferative Diabetic Retinopathy","N/A",,,,,,"","","","","","","","","","","","","","","","","","","","","","","","","","","","","","","","","","","","","","","",,,
"a8f968e9-a584-4bff-b5a2-df5d82e76cf7","Proliferative Diabetic Retinopathy",,"Misc","3.Proliferative Diabetic Retinopathy","N/A",,,,,,"","","","","","","","","","","","","","","","","","","","","","","","","","","","","","","","","","","","","","","",,,
"e4355857-c460-41bf-af24-a5318062e6d6","Normal",,"Misc",,"N/A",,,,,,"","","","","","","","","","","","","","","","","","","","","","","","","","","","","","","","","","","","","","","",,,
"77f81858-101d-4726-abe6-b279d81cdbb6","Diabetes, Eye Exam","<p>1.Background Diabetic Retinopathy (hard exudates dot blot hemorrhages)</p><p>2.PreProliferative diab (soft exudates) Retinopathy</p><p>3.PDR-Proliferative diabetic retinopathy (new vessels vitreous hemorrage)</p>","Misc","Eye Exam","Coded",,,,,,"","","","","","","","","","","","","","","","","Background Diabetic Retinopathy","PreProliferative Diabetic Retinopathy","Proliferative Diabetic Retinopathy","Normal","","","","","","","","","","","","","","","","","","","",,,
"1c413fb2-801a-4e84-8fee-8f7d79f0312b","Diabetes, Diagnosed Date",,"Misc","Diagnosed Date","Date",,,,,,"","","","","","","","","","","","","","","","","","","","","","","","","","","","","","","","","","","","","","","",,,
"93cee5e7-b8f6-4ea5-a3e6-b94b6a9c6f30","Diabetes, Treatment Stopped Date",,"Misc","Treatment Stopped Date","Date",,,,,,"","","","","","","","","","","","","","","","","","","","","","","","","","","","","","","","","","","","","","","",,,
"fc5a1852-3383-4824-8d0e-51d20d9f7bc1","Weakness",,"Symptom",,"N/A",,,,,,"","","","","","","","","","","","","","","","","","","","","","","","","","","","","","","","","","","","","","","",,,
"4e294e8c-ed86-11e3-8f57-746bba63c2a3","Tingling",,"Misc","Tingling","N/A",,,,,,"","","","","","","","","","","","","","","","","","","","","","","","","","","","","","","","","","","","","","","",,,
"18e65a93-ed86-11e3-8f57-746bba63c2a3","Breathlessness",,"Misc",,"N/A",,,,,,"","","","","","","","","","","","","","","","","","","","","","","","","","","","","","","","","","","","","","","",,,
"5d432407-e34d-11e3-983a-91270dcbd3bf","Fever",,"Misc","Fever","N/A",,,,,,"","","","","","","","","","","","","","","","","","","","","","","","","","","","","","","","","","","","","","","",,,
"59201706-fe05-4451-9da6-c173267d7291","Excessive Urine",,"Misc",,"N/A",,,,,,"","","","","","","","","","","","","","","","","","","","","","","","","","","","","","","","","","","","","","","",,,
"c13a89df-37e1-4333-8b1f-f527ac408443","Excessive Appetite",,"Misc",,"N/A",,,,,,"","","","","","","","","","","","","","","","","","","","","","","","","","","","","","","","","","","","","","","",,,
"aad0e01b-6094-4fbd-ad52-27f4183ffe19","Thirsty Feeling",,"Misc",,"N/A",,,,,,"","","","","","","","","","","","","","","","","","","","","","","","","","","","","","","","","","","","","","","",,,
"3cce8878-66c5-46b1-9084-d6bfc912f4e3","Loss of sensation",,"Symptom",,"N/A",,,,,,"","","","","","","","","","","","","","","","","","","","","","","","","","","","","","","","","","","","","","","",,,
"80197de2-6aa9-47cd-9c57-ca5de6dbc3bf","Sweating",,"Symptom",,"N/A",,,,,,"","","","","","","","","","","","","","","","","","","","","","","","","","","","","","","","","","","","","","","",,,
"a64a9305-cdee-4833-bb27-a89585b1f588","Dizziness",,"Misc",,"N/A",,,,,,"","","","","","","","","","","","","","","","","","","","","","","","","","","","","","","","","","","","","","","",,,
"9860475e-623a-4c4e-95a0-7fd468844431","Unconsciousness",,"Misc",,"N/A",,,,,,"","","","","","","","","","","","","","","","","","","","","","","","","","","","","","","","","","","","","","","",,,
"68b47bd2-e34d-11e3-983a-91270dcbd3bf","Nocturia",,"Misc","Nocturia","N/A",,,,,,"","","","","","","","","","","","","","","","","","","","","","","","","","","","","","","","","","","","","","","",,,
"740dbbb7-75a6-4179-bd97-91d5f01d0e87","Obesity And Weight Gain",,"Misc",,"N/A",,,,,,"","","","","","","","","","","","","","","","","","","","","","","","","","","","","","","","","","","","","","","",,,
"2a13f92e-4cb9-491a-a017-9230ecb2b6b1","Weight loss",,"Misc",,"N/A",,,,,,"","","","","","","","","","","","","","","","","","","","","","","","","","","","","","","","","","","","","","","",,,
"64f8a8f3-10dd-44da-bf85-f794bf9edea8","Ulcer",,"Misc",,"N/A",,,,,,"","","","","","","","","","","","","","","","","","","","","","","","","","","","","","","","","","","","","","","",,,
"5939d92c-e34d-11e3-983a-91270dcbd3bf","Cough",,"Misc","Cough","N/A",,,,,,"","","","","","","","","","","","","","","","","","","","","","","","","","","","","","","","","","","","","","","",,,
"a87fb923-c5d6-4acf-a42b-48bb10533053","Diabetes, Itchy skin lesion",,"Misc","Itchy skin lesion","N/A",,,,,,"","","","","","","","","","","","","","","","","","","","","","","","","","","","","","","","","","","","","","","",,,
"1fb6a0c4-ed86-11e3-8f57-746bba63c2a3","Giddiness",,"Misc","Giddiness","N/A",,,,,,"","","","","","","","","","","","","","","","","","","","","","","","","","","","","","","","","","","","","","","",,,
"6cb6592e-6483-42bc-a0cb-1b86cb05bf7f","Blurring of Vision",,"Misc",,"N/A",,,,,,"","","","","","","","","","","","","","","","","","","","","","","","","","","","","","","","","","","","","","","",,,
"41d9001b-ed86-11e3-8f57-746bba63c2a3","White Discharge",,"Misc","White Discharge","N/A",,,,,,"Leukorrhea","","","","","","","","","","","","","","","","","","","","","","","","","","","","","","","","","","","","","","",,,
"20b15708-0bc5-4005-8886-9b7457cebd81","Diabetes, Erectile Dysfunction",,"Misc","Erectile Dysfunction","N/A",,,,,,"","","","","","","","","","","","","","","","","","","","","","","","","","","","","","","","","","","","","","","",,,
"a6c9e9d4-02cf-4354-9193-1a35b5704751","None",,"Misc",,"N/A",,,,,,"","","","","","","","","","","","","","","","","","","","","","","","","","","","","","","","","","","","","","","",,,
"01badc59-8cd7-4c6e-846b-e1a923c223ee","Diabetes, Complaint","Only those not recorded earlier","Symptom","Complaint","Coded",,,,,,"","","","","","","","","","","","","","","","","Weakness","Tingling","Breathlessness","Fever","Excessive Urine","Excessive Appetite","Thirsty Feeling","Loss of sensation","Sweating","Dizziness","Unconsciousness","Nocturia","Obesity And Weight Gain","Weight loss","Ulcer","Cough","Diabetes, Itchy skin lesion","Giddiness","Blurring of Vision","White Discharge","Diabetes, Erectile Dysfunction","None","",,,
"1b924377-b2a4-454e-88d6-124c939c46b4","Diabetes, Other Complaints","Complaints not present in the above question","Misc","Other Complaints","Text",,,,,,"","","","","","","","","","","","","","","","","","","","","","","","","","","","","","","","","","","","","","","",,,
"44026594-658c-446f-a42b-66492fd8408d","Diabetes Complication, Brain",,"Misc","Brain","N/A",,,,,,"","","","","","","","","","","","","","","","","","","","","","","","","","","","","","","","","","","","","","","",,,
"10fef182-42d3-4a2d-8aec-fcccd6e854cd","Diabetic Foot",,"Diagnosis","Diabetic foot","N/A",,,,,,"","","","","","","","","","","","","","","","","","","","","","","","","","","","","","","","","","","","","","","",,,
"f69b1c67-3271-4d6d-a4de-9e5d3bc6da69","Diabetes Complication, CRF",,"Misc","CRF","N/A",,,,,,"","","","","","","","","","","","","","","","","","","","","","","","","","","","","","","","","","","","","","","",,,
"32687510-5fd7-42f4-913a-4711a6250b01","Diabetes Complication, Heart",,"Misc","Heart","N/A",,,,,,"","","","","","","","","","","","","","","","","","","","","","","","","","","","","","","","","","","","","","","",,,
"51c08e63-4455-4cb4-a3f8-60aa062ef5a1","Diabetes Complication, Nephropathy",,"Misc","Nephropathy","N/A",,,,,,"","","","","","","","","","","","","","","","","","","","","","","","","","","","","","","","","","","","","","","",,,
"a78168b1-9b54-45aa-87be-3e955f22c42c","Diabetes Complication, Neuropathy",,"Misc","Neuropathy","N/A",,,,,,"","","","","","","","","","","","","","","","","","","","","","","","","","","","","","","","","","","","","","","",,,
"af7254c6-7ace-4e4e-aa16-c015cd9597cc","Diabetes Complication, Retinopathy",,"Misc","Retinopathy","N/A",,,,,,"","","","","","","","","","","","","","","","","","","","","","","","","","","","","","","","","","","","","","","",,,
"f6c89bec-21fc-4535-b4ab-fb83f05c6eae","Diabetes Complication, Skin",,"Misc","Skin","N/A",,,,,,"","","","","","","","","","","","","","","","","","","","","","","","","","","","","","","","","","","","","","","",,,
"89df58c7-8535-474c-bfe4-0bb970be8e71","Diabetes Complication, Other complications",,"Misc","Other complications","N/A",,,,,,"","","","","","","","","","","","","","","","","","","","","","","","","","","","","","","","","","","","","","","",,,
"155bdbaa-b551-4734-8b90-4e4e5302517d","Diabetes Complication, None",,"Misc","None","N/A",,,,,,"","","","","","","","","","","","","","","","","","","","","","","","","","","","","","","","","","","","","","","",,,
"5ec8dd19-2446-4edf-818b-5faffec63427","Diabetes, Complications",,"Misc","Complications","Coded",,,,,,"","","","","","","","","","","","","","","","","Diabetes Complication, Brain","Diabetic Foot","Diabetes Complication, CRF","Diabetes Complication, Heart","Diabetes Complication, Nephropathy","Diabetes Complication, Neuropathy","Diabetes Complication, Retinopathy","Diabetes Complication, Skin","Diabetes Complication, Other complications","Diabetes Complication, None","","","","","","","","","","","","","",,,
"a1cb3d0c-cecd-4589-9e3c-d0836bc93194","Diabetes, Other Complications",,"Misc","Other Complications","Text",,,,,,"","","","","","","","","","","","","","","","","","","","","","","","","","","","","","","","","","","","","","","",,,
"da46b45c-aa7b-4858-975f-7827cd831108","Diabetes, Abnormal",,"Misc","Abnormal","N/A",,,,,,"","","","","","","","","","","","","","","","","","","","","","","","","","","","","","","","","","","","","","","",,,
"b1ddb87d-8930-43ef-a1cc-1430cea57005","Diabetes, Normal",,"Misc","Normal","N/A",,,,,,"","","","","","","","","","","","","","","","","","","","","","","","","","","","","","","","","","","","","","","",,,
"db466f75-584e-47ef-96a6-ccde4482a1db","Diabetes, Peripheral Pulses",,"Misc","Peripheral Pulses","Coded",,,,,,"","","","","","","","","","","","","","","","","Diabetes, Abnormal","Diabetes, Normal","","","","","","","","","","","","","","","","","","","","","",,,
"da46b45c-aa7b-4858-975f-7827cd831108","Diabetes, Abnormal",,"Misc","Abnormal","N/A",,,,,,"","","","","","","","","","","","","","","","","","","","","","","","","","","","","","","","","","","","","","","",,,
"b1ddb87d-8930-43ef-a1cc-1430cea57005","Diabetes, Normal",,"Misc","Normal","N/A",,,,,,"","","","","","","","","","","","","","","","","","","","","","","","","","","","","","","","","","","","","","","",,,
"2b40efca-8d5d-4690-a37f-ff4d4ada5102","Diabetes, Sensory Charting Assessment",,"Misc","Sensory Charting Assessment","Coded",,,,,,"","","","","","","","","","","","","","","","","Diabetes, Abnormal","Diabetes, Normal","","","","","","","","","","","","","","","","","","","","","",,,
"da46b45c-aa7b-4858-975f-7827cd831108","Diabetes, Abnormal",,"Misc","Abnormal","N/A",,,,,,"","","","","","","","","","","","","","","","","","","","","","","","","","","","","","","","","","","","","","","",,,
"b1ddb87d-8930-43ef-a1cc-1430cea57005","Diabetes, Normal",,"Misc","Normal","N/A",,,,,,"","","","","","","","","","","","","","","","","","","","","","","","","","","","","","","","","","","","","","","",,,
"a408441f-d028-4a61-9a3b-2ffa1a607e5e","Diabetes, Skin fold Thickness",,"Misc","Skin fold Thickness","Coded",,,,,,"","","","","","","","","","","","","","","","","Diabetes, Abnormal","Diabetes, Normal","","","","","","","","","","","","","","","","","","","","","",,,
"d4ba9647-bc87-4698-b357-9c26a2aa2486","Diabetes, Foot Normal",,"Symptom/Finding","Normal","N/A",,,,,,"","","","","","","","","","","","","","","","","","","","","","","","","","","","","","","","","","","","","","","",,,
"f5310242-25db-492d-a93f-473b5d2602de","Neuropathy",,"Misc",,"N/A",,,,,,"","","","","","","","","","","","","","","","","","","","","","","","","","","","","","","","","","","","","","","",,,
"a3d1e582-dec1-4921-bf13-10f23e37d4e8","PVD",,"Misc",,"N/A",,,,,,"","","","","","","","","","","","","","","","","","","","","","","","","","","","","","","","","","","","","","","",,,
"5508a7b2-f583-473d-8cf9-f7fc25101ee8","Diabetes, Foot Exam",,"Misc","Foot Exam","Coded",,,,,,"","","","","","","","","","","","","","","","","Diabetes, Foot Normal","Neuropathy","PVD","","","","","","","","","","","","","","","","","","","","",,,
"baf97c55-454f-4c14-bcc3-059cdd26c720","Background Diabetic Retinopathy",,"Misc","1.Background Diabetic Retinopathy","N/A",,,,,,"","","","","","","","","","","","","","","","","","","","","","","","","","","","","","","","","","","","","","","",,,
"7ef5a585-49d5-4641-9f1e-a3c93a62b471","PreProliferative Diabetic Retinopathy",,"Misc","2.PreProliferative Diabetic Retinopathy","N/A",,,,,,"","","","","","","","","","","","","","","","","","","","","","","","","","","","","","","","","","","","","","","",,,
"a8f968e9-a584-4bff-b5a2-df5d82e76cf7","Proliferative Diabetic Retinopathy",,"Misc","3.Proliferative Diabetic Retinopathy","N/A",,,,,,"","","","","","","","","","","","","","","","","","","","","","","","","","","","","","","","","","","","","","","",,,
"e4355857-c460-41bf-af24-a5318062e6d6","Normal",,"Misc",,"N/A",,,,,,"","","","","","","","","","","","","","","","","","","","","","","","","","","","","","","","","","","","","","","",,,
"77f81858-101d-4726-abe6-b279d81cdbb6","Diabetes, Eye Exam","<p>1.Background Diabetic Retinopathy (hard exudates dot blot hemorrhages)</p><p>2.PreProliferative diab (soft exudates) Retinopathy</p><p>3.PDR-Proliferative diabetic retinopathy (new vessels vitreous hemorrage)</p>","Misc","Eye Exam","Coded",,,,,,"","","","","","","","","","","","","","","","","Background Diabetic Retinopathy","PreProliferative Diabetic Retinopathy","Proliferative Diabetic Retinopathy","Normal","","","","","","","","","","","","","","","","","","","",,,
"e1aafdd6-29fb-4b1d-b78c-8b1768b98efd","Diabetes, Electrocardiography",,"Misc","ECG","Text",,,,,,"","","","","","","","","","","","","","","","","","","","","","","","","","","","","","","","","","","","","","","",,,
"f2884e7d-0173-4b6c-8108-a4d80b37e713","Diabetes, X-Ray",,"Misc","X-Ray","Text",,,,,,"","","","","","","","","","","","","","","","","","","","","","","","","","","","","","","","","","","","","","","",,,
"d45c4c86-415c-48cd-a0a7-afc5715945b7","Diabetes, Doing Well",,"Misc","Doing Well","Boolean",,,,,,"","","","","","","","","","","","","","","","","","","","","","","","","","","","","","","","","","","","","","","",,,
"693d783e-8a86-486e-af9d-6c8be61c38a8","Medication Taking - Yes",,"Misc","Yes","N/A",,,,,,"","","","","","","","","","","","","","","","","","","","","","","","","","","","","","","","","","","","","","","",,,
"525611e3-4f35-478d-9fa4-4493e7388512","Medication Taking - No",,"Misc","No","N/A",,,,,,"","","","","","","","","","","","","","","","","","","","","","","","","","","","","","","","","","","","","","","",,,
"ee488036-cfa0-455a-87aa-033f5e5117cf","Taking Medications",,"Misc",,"Coded",,,,,,"","","","","","","","","","","","","","","","","Medication Taking - Yes","Medication Taking - No","","","","","","","","","","","","","","","","","","","","","",,,
"fc5a1852-3383-4824-8d0e-51d20d9f7bc1","Weakness",,"Symptom",,"N/A",,,,,,"","","","","","","","","","","","","","","","","","","","","","","","","","","","","","","","","","","","","","","",,,
"4e294e8c-ed86-11e3-8f57-746bba63c2a3","Tingling",,"Misc","Tingling","N/A",,,,,,"","","","","","","","","","","","","","","","","","","","","","","","","","","","","","","","","","","","","","","",,,
"18e65a93-ed86-11e3-8f57-746bba63c2a3","Breathlessness",,"Misc",,"N/A",,,,,,"","","","","","","","","","","","","","","","","","","","","","","","","","","","","","","","","","","","","","","",,,
"5d432407-e34d-11e3-983a-91270dcbd3bf","Fever",,"Misc","Fever","N/A",,,,,,"","","","","","","","","","","","","","","","","","","","","","","","","","","","","","","","","","","","","","","",,,
"59201706-fe05-4451-9da6-c173267d7291","Excessive Urine",,"Misc",,"N/A",,,,,,"","","","","","","","","","","","","","","","","","","","","","","","","","","","","","","","","","","","","","","",,,
"c13a89df-37e1-4333-8b1f-f527ac408443","Excessive Appetite",,"Misc",,"N/A",,,,,,"","","","","","","","","","","","","","","","","","","","","","","","","","","","","","","","","","","","","","","",,,
"aad0e01b-6094-4fbd-ad52-27f4183ffe19","Thirsty Feeling",,"Misc",,"N/A",,,,,,"","","","","","","","","","","","","","","","","","","","","","","","","","","","","","","","","","","","","","","",,,
"3cce8878-66c5-46b1-9084-d6bfc912f4e3","Loss of sensation",,"Symptom",,"N/A",,,,,,"","","","","","","","","","","","","","","","","","","","","","","","","","","","","","","","","","","","","","","",,,
"80197de2-6aa9-47cd-9c57-ca5de6dbc3bf","Sweating",,"Symptom",,"N/A",,,,,,"","","","","","","","","","","","","","","","","","","","","","","","","","","","","","","","","","","","","","","",,,
"a64a9305-cdee-4833-bb27-a89585b1f588","Dizziness",,"Misc",,"N/A",,,,,,"","","","","","","","","","","","","","","","","","","","","","","","","","","","","","","","","","","","","","","",,,
"9860475e-623a-4c4e-95a0-7fd468844431","Unconsciousness",,"Misc",,"N/A",,,,,,"","","","","","","","","","","","","","","","","","","","","","","","","","","","","","","","","","","","","","","",,,
"68b47bd2-e34d-11e3-983a-91270dcbd3bf","Nocturia",,"Misc","Nocturia","N/A",,,,,,"","","","","","","","","","","","","","","","","","","","","","","","","","","","","","","","","","","","","","","",,,
"740dbbb7-75a6-4179-bd97-91d5f01d0e87","Obesity And Weight Gain",,"Misc",,"N/A",,,,,,"","","","","","","","","","","","","","","","","","","","","","","","","","","","","","","","","","","","","","","",,,
"2a13f92e-4cb9-491a-a017-9230ecb2b6b1","Weight loss",,"Misc",,"N/A",,,,,,"","","","","","","","","","","","","","","","","","","","","","","","","","","","","","","","","","","","","","","",,,
"64f8a8f3-10dd-44da-bf85-f794bf9edea8","Ulcer",,"Misc",,"N/A",,,,,,"","","","","","","","","","","","","","","","","","","","","","","","","","","","","","","","","","","","","","","",,,
"5939d92c-e34d-11e3-983a-91270dcbd3bf","Cough",,"Misc","Cough","N/A",,,,,,"","","","","","","","","","","","","","","","","","","","","","","","","","","","","","","","","","","","","","","",,,
"a87fb923-c5d6-4acf-a42b-48bb10533053","Diabetes, Itchy skin lesion",,"Misc","Itchy skin lesion","N/A",,,,,,"","","","","","","","","","","","","","","","","","","","","","","","","","","","","","","","","","","","","","","",,,
"1fb6a0c4-ed86-11e3-8f57-746bba63c2a3","Giddiness",,"Misc","Giddiness","N/A",,,,,,"","","","","","","","","","","","","","","","","","","","","","","","","","","","","","","","","","","","","","","",,,
"6cb6592e-6483-42bc-a0cb-1b86cb05bf7f","Blurring of Vision",,"Misc",,"N/A",,,,,,"","","","","","","","","","","","","","","","","","","","","","","","","","","","","","","","","","","","","","","",,,
"41d9001b-ed86-11e3-8f57-746bba63c2a3","White Discharge",,"Misc","White Discharge","N/A",,,,,,"Leukorrhea","","","","","","","","","","","","","","","","","","","","","","","","","","","","","","","","","","","","","","",,,
"20b15708-0bc5-4005-8886-9b7457cebd81","Diabetes, Erectile Dysfunction",,"Misc","Erectile Dysfunction","N/A",,,,,,"","","","","","","","","","","","","","","","","","","","","","","","","","","","","","","","","","","","","","","",,,
"a6c9e9d4-02cf-4354-9193-1a35b5704751","None",,"Misc",,"N/A",,,,,,"","","","","","","","","","","","","","","","","","","","","","","","","","","","","","","","","","","","","","","",,,
"01badc59-8cd7-4c6e-846b-e1a923c223ee","Diabetes, Complaint","Only those not recorded earlier","Symptom","Complaint","Coded",,,,,,"","","","","","","","","","","","","","","","","Weakness","Tingling","Breathlessness","Fever","Excessive Urine","Excessive Appetite","Thirsty Feeling","Loss of sensation","Sweating","Dizziness","Unconsciousness","Nocturia","Obesity And Weight Gain","Weight loss","Ulcer","Cough","Diabetes, Itchy skin lesion","Giddiness","Blurring of Vision","White Discharge","Diabetes, Erectile Dysfunction","None","",,,
"1b924377-b2a4-454e-88d6-124c939c46b4","Diabetes, Other Complaints","Complaints not present in the above question","Misc","Other Complaints","Text",,,,,,"","","","","","","","","","","","","","","","","","","","","","","","","","","","","","","","","","","","","","","",,,
"44026594-658c-446f-a42b-66492fd8408d","Diabetes Complication, Brain",,"Misc","Brain","N/A",,,,,,"","","","","","","","","","","","","","","","","","","","","","","","","","","","","","","","","","","","","","","",,,
"10fef182-42d3-4a2d-8aec-fcccd6e854cd","Diabetic Foot",,"Diagnosis","Diabetic foot","N/A",,,,,,"","","","","","","","","","","","","","","","","","","","","","","","","","","","","","","","","","","","","","","",,,
"f69b1c67-3271-4d6d-a4de-9e5d3bc6da69","Diabetes Complication, CRF",,"Misc","CRF","N/A",,,,,,"","","","","","","","","","","","","","","","","","","","","","","","","","","","","","","","","","","","","","","",,,
"32687510-5fd7-42f4-913a-4711a6250b01","Diabetes Complication, Heart",,"Misc","Heart","N/A",,,,,,"","","","","","","","","","","","","","","","","","","","","","","","","","","","","","","","","","","","","","","",,,
"51c08e63-4455-4cb4-a3f8-60aa062ef5a1","Diabetes Complication, Nephropathy",,"Misc","Nephropathy","N/A",,,,,,"","","","","","","","","","","","","","","","","","","","","","","","","","","","","","","","","","","","","","","",,,
"a78168b1-9b54-45aa-87be-3e955f22c42c","Diabetes Complication, Neuropathy",,"Misc","Neuropathy","N/A",,,,,,"","","","","","","","","","","","","","","","","","","","","","","","","","","","","","","","","","","","","","","",,,
"af7254c6-7ace-4e4e-aa16-c015cd9597cc","Diabetes Complication, Retinopathy",,"Misc","Retinopathy","N/A",,,,,,"","","","","","","","","","","","","","","","","","","","","","","","","","","","","","","","","","","","","","","",,,
"f6c89bec-21fc-4535-b4ab-fb83f05c6eae","Diabetes Complication, Skin",,"Misc","Skin","N/A",,,,,,"","","","","","","","","","","","","","","","","","","","","","","","","","","","","","","","","","","","","","","",,,
"89df58c7-8535-474c-bfe4-0bb970be8e71","Diabetes Complication, Other complications",,"Misc","Other complications","N/A",,,,,,"","","","","","","","","","","","","","","","","","","","","","","","","","","","","","","","","","","","","","","",,,
"155bdbaa-b551-4734-8b90-4e4e5302517d","Diabetes Complication, None",,"Misc","None","N/A",,,,,,"","","","","","","","","","","","","","","","","","","","","","","","","","","","","","","","","","","","","","","",,,
"5ec8dd19-2446-4edf-818b-5faffec63427","Diabetes, Complications",,"Misc","Complications","Coded",,,,,,"","","","","","","","","","","","","","","","","Diabetes Complication, Brain","Diabetic Foot","Diabetes Complication, CRF","Diabetes Complication, Heart","Diabetes Complication, Nephropathy","Diabetes Complication, Neuropathy","Diabetes Complication, Retinopathy","Diabetes Complication, Skin","Diabetes Complication, Other complications","Diabetes Complication, None","","","","","","","","","","","","","",,,
"a1cb3d0c-cecd-4589-9e3c-d0836bc93194","Diabetes, Other Complications",,"Misc","Other Complications","Text",,,,,,"","","","","","","","","","","","","","","","","","","","","","","","","","","","","","","","","","","","","","","",,,
"9ebe6e3c-dd8f-4366-afff-fd817ad8d078","Improved",,"Misc",,"N/A",,,,,,"","","","","","","","","","","","","","","","","","","","","","","","","","","","","","","","","","","","","","","",,,
"81e07c58-ae1a-401d-a3cb-949ec688f100","Same",,"Misc",,"N/A",,,,,,"","","","","","","","","","","","","","","","","","","","","","","","","","","","","","","","","","","","","","","",,,
"169aac7f-9579-47e0-a492-200f3676beca","Worsened",,"Misc",,"N/A",,,,,,"","","","","","","","","","","","","","","","","","","","","","","","","","","","","","","","","","","","","","","",,,
"04b61778-0695-409e-bfb6-6b81112958f3","Change in symptoms",,"Misc",,"Coded",,,,,,"","","","","","","","","","","","","","","","","Improved","Same","Worsened","","","","","","","","","","","","","","","","","","","","",,,
"da46b45c-aa7b-4858-975f-7827cd831108","Diabetes, Abnormal",,"Misc","Abnormal","N/A",,,,,,"","","","","","","","","","","","","","","","","","","","","","","","","","","","","","","","","","","","","","","",,,
"b1ddb87d-8930-43ef-a1cc-1430cea57005","Diabetes, Normal",,"Misc","Normal","N/A",,,,,,"","","","","","","","","","","","","","","","","","","","","","","","","","","","","","","","","","","","","","","",,,
"db466f75-584e-47ef-96a6-ccde4482a1db","Diabetes, Peripheral Pulses",,"Misc","Peripheral Pulses","Coded",,,,,,"","","","","","","","","","","","","","","","","Diabetes, Abnormal","Diabetes, Normal","","","","","","","","","","","","","","","","","","","","","",,,
"da46b45c-aa7b-4858-975f-7827cd831108","Diabetes, Abnormal",,"Misc","Abnormal","N/A",,,,,,"","","","","","","","","","","","","","","","","","","","","","","","","","","","","","","","","","","","","","","",,,
"b1ddb87d-8930-43ef-a1cc-1430cea57005","Diabetes, Normal",,"Misc","Normal","N/A",,,,,,"","","","","","","","","","","","","","","","","","","","","","","","","","","","","","","","","","","","","","","",,,
"2b40efca-8d5d-4690-a37f-ff4d4ada5102","Diabetes, Sensory Charting Assessment",,"Misc","Sensory Charting Assessment","Coded",,,,,,"","","","","","","","","","","","","","","","","Diabetes, Abnormal","Diabetes, Normal","","","","","","","","","","","","","","","","","","","","","",,,
"da46b45c-aa7b-4858-975f-7827cd831108","Diabetes, Abnormal",,"Misc","Abnormal","N/A",,,,,,"","","","","","","","","","","","","","","","","","","","","","","","","","","","","","","","","","","","","","","",,,
"b1ddb87d-8930-43ef-a1cc-1430cea57005","Diabetes, Normal",,"Misc","Normal","N/A",,,,,,"","","","","","","","","","","","","","","","","","","","","","","","","","","","","","","","","","","","","","","",,,
"a408441f-d028-4a61-9a3b-2ffa1a607e5e","Diabetes, Skin fold Thickness",,"Misc","Skin fold Thickness","Coded",,,,,,"","","","","","","","","","","","","","","","","Diabetes, Abnormal","Diabetes, Normal","","","","","","","","","","","","","","","","","","","","","",,,
"d4ba9647-bc87-4698-b357-9c26a2aa2486","Diabetes, Foot Normal",,"Symptom/Finding","Normal","N/A",,,,,,"","","","","","","","","","","","","","","","","","","","","","","","","","","","","","","","","","","","","","","",,,
"f5310242-25db-492d-a93f-473b5d2602de","Neuropathy",,"Misc",,"N/A",,,,,,"","","","","","","","","","","","","","","","","","","","","","","","","","","","","","","","","","","","","","","",,,
"a3d1e582-dec1-4921-bf13-10f23e37d4e8","PVD",,"Misc",,"N/A",,,,,,"","","","","","","","","","","","","","","","","","","","","","","","","","","","","","","","","","","","","","","",,,
"5508a7b2-f583-473d-8cf9-f7fc25101ee8","Diabetes, Foot Exam",,"Misc","Foot Exam","Coded",,,,,,"","","","","","","","","","","","","","","","","Diabetes, Foot Normal","Neuropathy","PVD","","","","","","","","","","","","","","","","","","","","",,,
"baf97c55-454f-4c14-bcc3-059cdd26c720","Background Diabetic Retinopathy",,"Misc","1.Background Diabetic Retinopathy","N/A",,,,,,"","","","","","","","","","","","","","","","","","","","","","","","","","","","","","","","","","","","","","","",,,
"7ef5a585-49d5-4641-9f1e-a3c93a62b471","PreProliferative Diabetic Retinopathy",,"Misc","2.PreProliferative Diabetic Retinopathy","N/A",,,,,,"","","","","","","","","","","","","","","","","","","","","","","","","","","","","","","","","","","","","","","",,,
"a8f968e9-a584-4bff-b5a2-df5d82e76cf7","Proliferative Diabetic Retinopathy",,"Misc","3.Proliferative Diabetic Retinopathy","N/A",,,,,,"","","","","","","","","","","","","","","","","","","","","","","","","","","","","","","","","","","","","","","",,,
"e4355857-c460-41bf-af24-a5318062e6d6","Normal",,"Misc",,"N/A",,,,,,"","","","","","","","","","","","","","","","","","","","","","","","","","","","","","","","","","","","","","","",,,
"77f81858-101d-4726-abe6-b279d81cdbb6","Diabetes, Eye Exam","<p>1.Background Diabetic Retinopathy (hard exudates dot blot hemorrhages)</p><p>2.PreProliferative diab (soft exudates) Retinopathy</p><p>3.PDR-Proliferative diabetic retinopathy (new vessels vitreous hemorrage)</p>","Misc","Eye Exam","Coded",,,,,,"","","","","","","","","","","","","","","","","Background Diabetic Retinopathy","PreProliferative Diabetic Retinopathy","Proliferative Diabetic Retinopathy","Normal","","","","","","","","","","","","","","","","","","","",,,
"e1aafdd6-29fb-4b1d-b78c-8b1768b98efd","Diabetes, Electrocardiography",,"Misc","ECG","Text",,,,,,"","","","","","","","","","","","","","","","","","","","","","","","","","","","","","","","","","","","","","","",,,
"f2884e7d-0173-4b6c-8108-a4d80b37e713","Diabetes, X-Ray",,"Misc","X-Ray","Text",,,,,,"","","","","","","","","","","","","","","","","","","","","","","","","","","","","","","","","","","","","","","",,,
"0c14b456-9b4a-41d2-9f7a-6d01dccdd81b","Treatment Status, Partially Controlled",,"Symptom/Finding","Partially Controlled","N/A",,,,,,"","","","","","","","","","","","","","","","","","","","","","","","","","","","","","","","","","","","","","","",,,
"fd8fae6e-b44b-4e63-9ac5-6e8c9704d42b","Treatment Outcome, Uncontrolled",,"Symptom/Finding","Uncontrolled","N/A",,,,,,"","","","","","","","","","","","","","","","","","","","","","","","","","","","","","","","","","","","","","","",,,
"80af308c-d7bd-4cdd-9ab7-49e86b5cf37d","Treatment Outcome, Well Controlled",,"Symptom/Finding","Well Controlled","N/A",,,,,,"","","","","","","","","","","","","","","","","","","","","","","","","","","","","","","","","","","","","","","",,,
"1f759075-75e1-48b2-bbb5-5f016d299590","Treatment Outcome, Worsened",,"Symptom/Finding","Worsened","N/A",,,,,,"","","","","","","","","","","","","","","","","","","","","","","","","","","","","","","","","","","","","","","",,,
"32ce1525-ec10-4cdd-92fb-be87725207e9","Diabetes, Sugar Assessment",,"Symptom/Finding","Sugar","Coded",,,,,,"","","","","","","","","","","","","","","","","Treatment Status, Partially Controlled","Treatment Outcome, Uncontrolled","Treatment Outcome, Well Controlled","Treatment Outcome, Worsened","","","","","","","","","","","","","","","","","","","",,,
"d22bef55-25a8-4a39-b2fa-829284c689d8","Treatment Status, Continuing Treatment Without Complications",,"Misc","1.Continuing Treatment Without Complications","N/A",,,,,,"","","","","","","","","","","","","","","","","","","","","","","","","","","","","","","","","","","","","","","",,,
"3d9764a4-1898-4a40-9cd2-c654f8f52984","Treatment Status, Continuing Treatment With Complications",,"Misc","2.Continuing Treatment With Complications","N/A",,,,,,"","","","","","","","","","","","","","","","","","","","","","","","","","","","","","","","","","","","","","","",,,
"59c57026-813e-4056-a1ad-90f93e463973","Treatment Status, Unknown",,"Misc","Unknown","N/A",,,,,,"","","","","","","","","","","","","","","","","","","","","","","","","","","","","","","","","","","","","","","",,,
"0fec0af6-5563-44f6-89ac-01b1ad84e1ff","Diabetes, Current Status","<p>1.Continuing Treatment Without Complications</p><p>2 .Continuing Treatment With Complications</p>","Misc","Current Status","Coded",,,,,,"","","","","","","","","","","","","","","","","Treatment Status, Continuing Treatment Without Complications","Treatment Status, Continuing Treatment With Complications","Treatment Status, Unknown","","","","","","","","","","","","","","","","","","","","",,,
"b007b63a-d02c-40d9-af69-04a403bc9b35","Continuing and Uncontrolled",,"Misc",,"N/A",,,,,,"","","","","","","","","","","","","","","","","","","","","","","","","","","","","","","","","","","","","","","",,,
"d9f64578-188b-4518-9ab7-cac8af9d6cf8","Continuing and Controlled",,"Misc",,"N/A",,,,,,"","","","","","","","","","","","","","","","","","","","","","","","","","","","","","","","","","","","","","","",,,
"9b747b96-f46b-474e-a875-48b35c78b5ea","Controlled and Defaulted",,"Misc",,"N/A",,,,,,"","","","","","","","","","","","","","","","","","","","","","","","","","","","","","","","","","","","","","","",,,
"3c7058cb-7b6e-4c67-bd70-28e55a20ee9c","Uncontrolled and Defaulted",,"Misc",,"N/A",,,,,,"","","","","","","","","","","","","","","","","","","","","","","","","","","","","","","","","","","","","","","",,,
"5406f7ca-fee9-4b34-8575-e9e148ca3075","Death during treatment",,"Misc","Death","N/A",,,,,,"","","","","","","","","","","","","","","","","","","","","","","","","","","","","","","","","","","","","","","",,,
"153de4fa-bb4f-4cb0-ad37-132def8d022e","Diabetes, Treatment Outcome",,"Misc","Treatment Outcome","Coded",,,,,,"","","","","","","","","","","","","","","","","Continuing and Uncontrolled","Continuing and Controlled","Controlled and Defaulted","Uncontrolled and Defaulted","Death during treatment","","","","","","","","","","","","","","","","","","",,,
"1c413fb2-801a-4e84-8fee-8f7d79f0312b","Diabetes, Diagnosed Date",,"Misc","Diagnosed Date","Date",,,,,,"","","","","","","","","","","","","","","","","","","","","","","","","","","","","","","","","","","","","","","",,,
"93cee5e7-b8f6-4ea5-a3e6-b94b6a9c6f30","Diabetes, Treatment Stopped Date",,"Misc","Treatment Stopped Date","Date",,,,,,"","","","","","","","","","","","","","","","","","","","","","","","","","","","","","","","","","","","","","","",,,
"72015920-1f12-403b-af24-7ce3f8cd9c69","Diabetes, Insulin taken properly",,"Symptom/Finding","Insulin taken properly","Boolean",,,,,,"","","","","","","","","","","","","","","","","","","","","","","","","","","","","","","","","","","","","","","",,,
"2df116f1-8512-4649-84f3-c71bee3c8752","Waist Circumference",,"Misc","Waist Circumference","Numeric",,,,,,"","","","","","","","","","","","","","","","","","","","","","","","","","","","","","","","","","","","","","","",,,
"46bc85cb-fb6d-48be-8aa3-4e3d80b46413","Hip Circumference",,"Misc","Hip Circumference","Numeric",,,,,,"","","","","","","","","","","","","","","","","","","","","","","","","","","","","","","","","","","","","","","",,,
"7f31a763-940c-4b31-8453-bc2f5401d842","Waist/Hip Ratio",,"Computed","Waist/Hip Ratio","Numeric",,,,,,"","","","","","","","","","","","","","","","","","","","","","","","","","","","","","","","","","","","","","","",,,
"6cfc9c80-a054-4124-a3cb-5d330f3af19f","Diabetes, Counselling Done",,"Misc","Counselling Done","Boolean",,,,,,"","","","","","","","","","","","","","","","","","","","","","","","","","","","","","","","","","","","","","","",,,
"1c736b4c-d7ae-48cc-8779-f5e16ed0db4a","Type of surgery, Major",,"Misc","Major","N/A",,,,,,"","","","","","","","","","","","","","","","","","","","","","","","","","","","","","","","","","","","","","","",,,
"8393ab5a-cdce-4443-b76e-1caa53042b0e","Type of surgery, Minor",,"Misc","Minor","N/A",,,,,,"","","","","","","","","","","","","","","","","","","","","","","","","","","","","","","","","","","","","","","",,,
"8be37f9c-4a26-4029-9605-055384fe6efb","Type of surgery, Intermediate",,"Misc","Intermediate","N/A",,,,,,"","","","","","","","","","","","","","","","","","","","","","","","","","","","","","","","","","","","","","","",,,
"612beaa6-5894-429c-89ae-ab3a691229fd","Operative Note, Type of Surgery (Procedure based)",,"Misc","Type of Surgery (Procedure based)","Coded",,,,,,"","","","","","","","","","","","","","","","","Type of surgery, Major","Type of surgery, Minor","Type of surgery, Intermediate","","","","","","","","","","","","","","","","","","","","",,,
"63178766-1aa1-4c66-97da-544d83036063","Type of surgery, Emergency",,"Misc","Emergency","N/A",,,,,,"","","","","","","","","","","","","","","","","","","","","","","","","","","","","","","","","","","","","","","",,,
"8710827f-95e8-4c58-a914-0220df03fa9d","Type of surgery, Elective",,"Misc","Elective","N/A",,,,,,"","","","","","","","","","","","","","","","","","","","","","","","","","","","","","","","","","","","","","","",,,
"791f0de4-5626-49f7-be06-830162ba1b3d","Operative Note, Type of Surgery (Time based)",,"Misc","Type of Surgery (Time based)","Coded",,,,,,"","","","","","","","","","","","","","","","","Type of surgery, Emergency","Type of surgery, Elective","","","","","","","","","","","","","","","","","","","","","",,,
"6b1d2496-058f-429a-8e92-5860d9430ac8","Date of Surgery",,"Misc",,"Date",,,,,,"","","","","","","","","","","","","","","","","","","","","","","","","","","","","","","","","","","","","","","",,,
"bf834492-b024-438f-97a5-bf46700a1c59","Surgical Indication",,"Symptom/Finding","Surgical Indication","Text",,,,,,"","","","","","","","","","","","","","","","","","","","","","","","","","","","","","","","","","","","","","","",,,
"bce164a9-d6eb-4d9c-b7e4-023efb63654d","Surgical Procedure",,"Misc",,"Coded",,,,,,"","","","","","","","","","","","","","","","","","","","","","","","","","","","","","","","","","","","","","","",,,
"6cd20bee-37d2-4f43-b8d4-bc23f99feac4","Surgical Procedure Non Coded",,"Misc","Surgical Procedure","Text",,,,,,"","","","","","","","","","","","","","","","","","","","","","","","","","","","","","","","","","","","","","","",,,
"69eef8ce-f179-4160-8761-c433e50f9757","Dr. Raman Kataria",,"Misc",,"N/A",,,,,,"","","","","","","","","","","","","","","","","","","","","","","","","","","","","","","","","","","","","","","",,,
"18f59bf3-1694-4686-94d7-5a9bc90928c0","Dr. Rachna Jain",,"Misc","Dr. Rachna","N/A",,,,,,"","","","","","","","","","","","","","","","","","","","","","","","","","","","","","","","","","","","","","","",,,
"9fefd5b9-6a8f-45b9-bbaa-c9e9e8efb438","Dr. Rahalkar",,"Misc","Dr. Rahalkar","N/A",,,,,,"","","","","","","","","","","","","","","","","","","","","","","","","","","","","","","","","","","","","","","",,,
"4de55346-55f5-48c6-8f27-55792359e984","Dr. Dev Sao",,"Misc",,"N/A",,,,,,"","","","","","","","","","","","","","","","","","","","","","","","","","","","","","","","","","","","","","","",,,
"c8f0df76-1713-469a-92d9-9aa6ab958c95","Dr.Dipankan Jana",,"Misc","Dr.Dipankan","N/A",,,,,,"","","","","","","","","","","","","","","","","","","","","","","","","","","","","","","","","","","","","","","",,,
"52f11b46-f43a-4e87-87dc-fc22e6228ed5","Dr. VK Dixit",,"Misc",,"N/A",,,,,,"","","","","","","","","","","","","","","","","","","","","","","","","","","","","","","","","","","","","","","",,,
"60d9b216-b58a-4b63-8abe-5a4aef3ae43a","Dr. Deepak Chandra Bandhani",,"Misc","Dr. Deepak Chandra Bandhani","N/A",,,,,,"","","","","","","","","","","","","","","","","","","","","","","","","","","","","","","","","","","","","","","",,,
"b7c82992-448b-4508-9785-772fe590bef7","Dr. Rounak Kalwani",,"Misc",,"N/A",,,,,,"","","","","","","","","","","","","","","","","","","","","","","","","","","","","","","","","","","","","","","",,,
"64fb24b4-c4ce-47ee-b535-7bae668a008f","Dr. Vikas Sharma",,"Misc",,"N/A",,,,,,"","","","","","","","","","","","","","","","","","","","","","","","","","","","","","","","","","","","","","","",,,
"dc1fc82c-62b7-4294-9976-3174d3a39776","Dr. NK Trivedi",,"Misc",,"N/A",,,,,,"","","","","","","","","","","","","","","","","","","","","","","","","","","","","","","","","","","","","","","",,,
"67665bea-53b0-4c65-aed1-a34bbe434763","Dr. Ravi Mahobia",,"Misc",,"N/A",,,,,,"","","","","","","","","","","","","","","","","","","","","","","","","","","","","","","","","","","","","","","",,,
"0775bfbe-1321-4e0d-b35e-453ea2361578","Dr. Rounak Milton",,"Misc",,"N/A",,,,,,"","","","","","","","","","","","","","","","","","","","","","","","","","","","","","","","","","","","","","","",,,
"ba2d950e-6a58-42e1-8ff7-9a936959dce9","Dr. Simon Rousevelt",,"Misc",,"N/A",,,,,,"","","","","","","","","","","","","","","","","","","","","","","","","","","","","","","","","","","","","","","",,,
"27100268-fd7c-49fd-b440-3704d58d578a","Dr. Vignesh Ramesh",,"Misc","Dr. Vignesh Ramesh","N/A",,,,,,"","","","","","","","","","","","","","","","","","","","","","","","","","","","","","","","","","","","","","","",,,
"b80210ea-4a2a-4eb5-8866-4804c90a3599","Dr. Sharon V",,"Misc","Dr. Sharon V","N/A",,,,,,"","","","","","","","","","","","","","","","","","","","","","","","","","","","","","","","","","","","","","","",,,
"0a1b7e6c-a4c9-4a10-a547-ba28b30c4537","Dr. Killol Borad",,"Misc","Dr. Killol Borad","N/A",,,,,,"","","","","","","","","","","","","","","","","","","","","","","","","","","","","","","","","","","","","","","",,,
"39455417-a1bc-458e-b969-1ce433f71509","Dr. Radhika Pillay",,"Misc","Dr. Radhika Pillay","N/A",,,,,,"","","","","","","","","","","","","","","","","","","","","","","","","","","","","","","","","","","","","","","",,,
"8a033586-ebca-4e05-acc3-6d7a2f0ac665","Dr. Chinmaya Mishra",,"Misc",,"N/A",,,,,,"","","","","","","","","","","","","","","","","","","","","","","","","","","","","","","","","","","","","","","",,,
"e1a05c68-e573-4b59-a0a8-69cf348baf24","Dr. Ravindra Sahu",,"Misc",,"N/A",,,,,,"","","","","","","","","","","","","","","","","","","","","","","","","","","","","","","","","","","","","","","",,,
"bea99fbe-0137-4d91-9b37-4acb2febbd7c","Other Answer",,"Misc","Other (Specify)","N/A",,,,,,"","","","","","","","","","","","","","","","","","","","","","","","","","","","","","","","","","","","","","","",,,
"5283755c-056a-464a-949b-674c1a4dbe02","Coded Operating Surgeon",,"Misc","Operating Surgeon","Coded",,,,,,"","","","","","","","","","","","","","","","","Dr. Raman Kataria","Dr. Rachna Jain","Dr. Rahalkar","Dr. Dev Sao","Dr.Dipankan Jana","Dr. VK Dixit","Dr. Deepak Chandra Bandhani","Dr. Rounak Kalwani","Dr. Vikas Sharma","Dr. NK Trivedi","Dr. Ravi Mahobia","Dr. Rounak Milton","Dr. Simon Rousevelt","Dr. Vignesh Ramesh","Dr. Sharon V","Dr. Killol Borad","Dr. Radhika Pillay","Dr. Chinmaya Mishra","Dr. Ravindra Sahu","Other Answer","","","",,,
"cd9ee906-0fa6-4df1-b213-f0bfdd3777ae","Other Operating Surgeon",,"Misc","Operating Surgeon","Text",,,,,,"","","","","","","","","","","","","","","","","","","","","","","","","","","","","","","","","","","","","","","",,,
"69eef8ce-f179-4160-8761-c433e50f9757","Dr. Raman Kataria",,"Misc",,"N/A",,,,,,"","","","","","","","","","","","","","","","","","","","","","","","","","","","","","","","","","","","","","","",,,
"9fefd5b9-6a8f-45b9-bbaa-c9e9e8efb438","Dr. Rahalkar",,"Misc","Dr. Rahalkar","N/A",,,,,,"","","","","","","","","","","","","","","","","","","","","","","","","","","","","","","","","","","","","","","",,,
"18f59bf3-1694-4686-94d7-5a9bc90928c0","Dr. Rachna Jain",,"Misc","Dr. Rachna","N/A",,,,,,"","","","","","","","","","","","","","","","","","","","","","","","","","","","","","","","","","","","","","","",,,
"4de55346-55f5-48c6-8f27-55792359e984","Dr. Dev Sao",,"Misc",,"N/A",,,,,,"","","","","","","","","","","","","","","","","","","","","","","","","","","","","","","","","","","","","","","",,,
"c8f0df76-1713-469a-92d9-9aa6ab958c95","Dr.Dipankan Jana",,"Misc","Dr.Dipankan","N/A",,,,,,"","","","","","","","","","","","","","","","","","","","","","","","","","","","","","","","","","","","","","","",,,
"14cd0207-32db-4f1d-8223-acbfdc5a4553","Dr.Pranav",,"Misc",,"N/A",,,,,,"","","","","","","","","","","","","","","","","","","","","","","","","","","","","","","","","","","","","","","",,,
"52f11b46-f43a-4e87-87dc-fc22e6228ed5","Dr. VK Dixit",,"Misc",,"N/A",,,,,,"","","","","","","","","","","","","","","","","","","","","","","","","","","","","","","","","","","","","","","",,,
"fb970bef-dacd-4995-860a-61c5ff4f2e4d","Coded Operating Assistant Surgeon",,"Misc","Assistant Surgeon","Coded",,,,,,"","","","","","","","","","","","","","","","","Dr. Raman Kataria","Dr. Rahalkar","Dr. Rachna Jain","Dr. Dev Sao","Dr.Dipankan Jana","Dr.Pranav","Dr. VK Dixit","","","","","","","","","","","","","","","","",,,
"446dba85-d34d-4ba2-a5da-1ca881073ca3","Dr. Jyoti Aggarwal",,"Misc","Dr. Jyoti","N/A",,,,,,"","","","","","","","","","","","","","","","","","","","","","","","","","","","","","","","","","","","","","","",,,
"d6958804-c866-4dc7-827d-a369ab98d154","Dr. Shilpa Khana",,"Misc","Dr. Shilpa","N/A",,,,,,"","","","","","","","","","","","","","","","","","","","","","","","","","","","","","","","","","","","","","","",,,
"cc539654-1e3e-4d16-86aa-c4e37ee54f2c","Coded Operation Anesthetist",,"Misc","Operation Anesthetist","Coded",,,,,,"","","","","","","","","","","","","","","","","Dr. Jyoti Aggarwal","Dr. Shilpa Khana","","","","","","","","","","","","","","","","","","","","","",,,
"72e3d97c-e110-4cc5-878e-51d7eda31703","Scrub Nurse",,"Misc",,"Text",,,,,,"","","","","","","","","","","","","","","","","","","","","","","","","","","","","","","","","","","","","","","",,,
"8ca92a2c-4a53-44eb-8ef5-3dfdc1878ec3","General Anesthesia",,"Drug","GA","N/A",,,,,,"","","","","","","","","","","","","","","","","","","","","","","","","","","","","","","","","","","","","","","",,,
"0df2d374-7b5d-435c-a240-96fff013f96d","Spinal Anesthesia",,"Drug","SA","N/A",,,,,,"","","","","","","","","","","","","","","","","","","","","","","","","","","","","","","","","","","","","","","",,,
"c21b24f4-69df-459e-8994-2840ac4b4176","Epidural Anesthesia",,"Drug","EA","N/A",,,,,,"","","","","","","","","","","","","","","","","","","","","","","","","","","","","","","","","","","","","","","",,,
"7ad1304a-eefa-437c-a483-20ede719ddd7","Local Anesthesia",,"Misc","LA","N/A",,,,,,"","","","","","","","","","","","","","","","","","","","","","","","","","","","","","","","","","","","","","","",,,
"df88d7b3-f679-411b-bbc4-5195c9cbae22","Ketamine",,"Drug",,"N/A",,,,,,"","","","","","","","","","","","","","","","","","","","","","","","","","","","","","","","","","","","","","","",,,
"a9db5128-2bf1-4a49-9c5f-3e56271c8088","Saddle Block Anesthesia",,"Drug","Saddle Block","N/A",,,,,,"","","","","","","","","","","","","","","","","","","","","","","","","","","","","","","","","","","","","","","",,,
"2a10c14e-3a5d-41a6-9fba-d8376e1170f6","Other Anesthesia",,"Drug","Other","N/A",,,,,,"","","","","","","","","","","","","","","","","","","","","","","","","","","","","","","","","","","","","","","",,,
"cb7c8b06-8b6d-495d-a89c-04855ca8f7a1","Anesthesia Administered",,"Misc","Anesthesia","Coded",,,,,,"","","","","","","","","","","","","","","","","General Anesthesia","Spinal Anesthesia","Epidural Anesthesia","Local Anesthesia","Ketamine","Saddle Block Anesthesia","Other Anesthesia","","","","","","","","","","","","","","","","",,,
"813e8e9d-5d64-4909-a739-a8080d830aaa","Incision",,"Misc",,"Text",,,,,,"","","","","","","","","","","","","","","","","","","","","","","","","","","","","","","","","","","","","","","",,,
"53ecc3b9-163c-4d4e-a8a8-ca04d7050733","Operation Findings",,"Misc","Findings","Text",,,,,,"","","","","","","","","","","","","","","","","","","","","","","","","","","","","","","","","","","","","","","",,,
"19d001f8-4fb5-436c-ac0e-8b28b1bfa1a6","Operative Drains",,"Misc","Drains","Text",,,,,,"","","","","","","","","","","","","","","","","","","","","","","","","","","","","","","","","","","","","","","",,,
"bae6c221-7743-4ca9-986c-76ec1441a5fd","Operative Complications",,"Misc",,"Text",,,,,,"","","","","","","","","","","","","","","","","","","","","","","","","","","","","","","","","","","","","","","",,,
"2f939fdb-baa6-4418-a784-283c055f0082","Blood loss during operation",,"Misc","Blood Loss","Numeric",,,,,,"","","","","","","","","","","","","","","","","","","","","","","","","","","","","","","","","","","","","","","",,,
"e5500aa2-27b9-48c9-84c8-11b3a07e5933","Operation Duration",,"Misc","Operation Duration","Numeric",,,,,,"","","","","","","","","","","","","","","","","","","","","","","","","","","","","","","","","","","","","","","",,,
"5de8b547-dbf4-42d6-ba26-756dbf66880a","Other Operation Notes",,"Misc","Notes","Text",,,,,,"","","","","","","","","","","","","","","","","","","","","","","","","","","","","","","","","","","","","","","",,,
"64ace475-8cca-4586-9f9f-baead547d96a","Cytopathology Number",,"Misc","Cytopath No.","Numeric",,,,,,"","","","","","","","","","","","","","","","","","","","","","","","","","","","","","","","","","","","","","","",,,
"dc5997f4-43c5-4199-866a-bc965b48407a","Histopathology Number",,"Misc","Histopath (No. and labeling)","Numeric",,,,,,"","","","","","","","","","","","","","","","","","","","","","","","","","","","","","","","","","","","","","","",,,
"16935c69-4976-4eba-a270-4a5fc48c88d9","Intra operation specimens and results",,"Misc","Intra OP specimens (& Results)","Text",,,,,,"","","","","","","","","","","","","","","","","","","","","","","","","","","","","","","","","","","","","","","",,,
"6f12abd1-d83e-43a4-a05a-8b2ed3c401ea","Urology",,"Misc",,"N/A",,,,,,"","","","","","","","","","","","","","","","","","","","","","","","","","","","","","","","","","","","","","","",,,
"2e3a7492-b393-4efa-aa0f-7ea0cc959950","Oncology",,"Misc",,"N/A",,,,,,"","","","","","","","","","","","","","","","","","","","","","","","","","","","","","","","","","","","","","","",,,
"b230d91c-9a73-48d5-84ba-8d5aa3aa6b7f","Neurology",,"Misc",,"N/A",,,,,,"","","","","","","","","","","","","","","","","","","","","","","","","","","","","","","","","","","","","","","",,,
"18c70348-e575-4f13-8dd5-b36926e07990","Orthopaedic",,"Misc",,"N/A",,,,,,"","","","","","","","","","","","","","","","","","","","","","","","","","","","","","","","","","","","","","","",,,
"347c06a7-d7db-44ed-b873-df24ac39f0ea","Plastic",,"Misc",,"N/A",,,,,,"","","","","","","","","","","","","","","","","","","","","","","","","","","","","","","","","","","","","","","",,,
"646afb14-1c7b-45ee-987a-44ffc1b3b526","Obstetrics and Gynaecology",,"Misc",,"N/A",,,,,,"","","","","","","","","","","","","","","","","","","","","","","","","","","","","","","","","","","","","","","",,,
"2fe9011b-097a-4fb3-a4d7-a479b2f8034e","Pediatric",,"Misc",,"N/A",,,,,,"","","","","","","","","","","","","","","","","","","","","","","","","","","","","","","","","","","","","","","",,,
"8c8145d5-14fa-4062-b2dd-f0354b287337","ENT",,"Misc",,"N/A",,,,,,"","","","","","","","","","","","","","","","","","","","","","","","","","","","","","","","","","","","","","","",,,
"a712befe-11d7-4892-a93b-7694ea2a29b8","Surgical specialties, General",,"Misc","General","N/A",,,,,,"","","","","","","","","","","","","","","","","","","","","","","","","","","","","","","","","","","","","","","",,,
"9cde20f8-7c7b-454c-9c3b-0fb93a59297e","Surgical Speciality",,"Misc",,"Coded",,,,,,"","","","","","","","","","","","","","","","","Urology","Oncology","Neurology","Orthopaedic","Plastic","Obstetrics and Gynaecology","Pediatric","ENT","Surgical specialties, General","","","","","","","","","","","","","","",,,
"e64b01d4-c949-4e2c-9da0-5a6bb82cc4d0","Present",,"Misc",,"N/A",,,,,,"","","","","","","","","","","","","","","","","","","","","","","","","","","","","","","","","","","","","","","",,,
"77f8d579-304a-48c3-826c-d67e3f1aa70f","Absent",,"Misc",,"N/A",,,,,,"","","","","","","","","","","","","","","","","","","","","","","","","","","","","","","","","","","","","","","",,,
"5394c157-7a26-4158-8392-436794ab0a97","Cancer, Family History",,"Misc","Family History","Coded",,,,,,"","","","","","","","","","","","","","","","","Present","Absent","","","","","","","","","","","","","","","","","","","","","",,,
"1a3d860f-8a5f-421b-856a-fe222f636568","If Present,details",,"Misc",,"Text",,,,,,"","","","","","","","","","","","","","","","","","","","","","","","","","","","","","","","","","","","","","","",,,
"557a3b57-2d8e-4c7d-97d6-82eafbbdc2d1","Right Side",,"Misc",,"N/A",,,,,,"","","","","","","","","","","","","","","","","","","","","","","","","","","","","","","","","","","","","","","",,,
"f9b13034-fe54-4abd-bc09-8e77c59aaaae","Left Side",,"Misc",,"N/A",,,,,,"","","","","","","","","","","","","","","","","","","","","","","","","","","","","","","","","","","","","","","",,,
"97ea04a1-e688-4115-aab7-d339c8849af5","Breast Cancer, Breast Side",,"Misc","Side","Coded",,,,,,"","","","","","","","","","","","","","","","","Right Side","Left Side","","","","","","","","","","","","","","","","","","","","","",,,
"f266e7ba-0fab-4bc7-9df3-6f74e2ff8459","Breast Cancer, Breast Site",,"Misc","Site","Text",,,,,,"","","","","","","","","","","","","","","","","","","","","","","","","","","","","","","","","","","","","","","",,,
"c90a4967-c17c-4957-8140-5ed2400fcfa6","Breast Cancer, Breast Size",,"Misc","Size","Text",,,,,,"","","","","","","","","","","","","","","","","","","","","","","","","","","","","","","","","","","","","","","",,,
"e55c616d-9d92-47ea-a9a4-1e794209ea3e","Fixed",,"Misc",,"N/A",,,,,,"","","","","","","","","","","","","","","","","","","","","","","","","","","","","","","","","","","","","","","",,,
"7ae5a84f-497e-4769-9adc-c62e705a7866","Mobile",,"Misc",,"N/A",,,,,,"","","","","","","","","","","","","","","","","","","","","","","","","","","","","","","","","","","","","","","",,,
"63552fb2-831d-40b9-9e7b-28e26034406f","Breast Cancer, Breast Mobility",,"Misc","Mobility","Coded",,,,,,"","","","","","","","","","","","","","","","","Fixed","Mobile","","","","","","","","","","","","","","","","","","","","","",,,
"a6c9e9d4-02cf-4354-9193-1a35b5704751","None",,"Misc",,"N/A",,,,,,"","","","","","","","","","","","","","","","","","","","","","","","","","","","","","","","","","","","","","","",,,
"87cb3f98-b487-441b-8c93-12cd06f2c7ea","Peau dorange",,"Misc",,"N/A",,,,,,"","","","","","","","","","","","","","","","","","","","","","","","","","","","","","","","","","","","","","","",,,
"64f8a8f3-10dd-44da-bf85-f794bf9edea8","Ulcer",,"Misc",,"N/A",,,,,,"","","","","","","","","","","","","","","","","","","","","","","","","","","","","","","","","","","","","","","",,,
"bd3a4b21-0506-46f5-8526-947a4e85ab52","Fungation",,"Misc",,"N/A",,,,,,"","","","","","","","","","","","","","","","","","","","","","","","","","","","","","","","","","","","","","","",,,
"0cd4957a-e7ba-4d67-a5eb-5b0298ccb194","Breast Cancer, Skin Involvement",,"Misc","Skin Involvement","Coded",,,,,,"","","","","","","","","","","","","","","","","None","Peau dorange","Ulcer","Fungation","","","","","","","","","","","","","","","","","","","",,,
"f9b13034-fe54-4abd-bc09-8e77c59aaaae","Left Side",,"Misc",,"N/A",,,,,,"","","","","","","","","","","","","","","","","","","","","","","","","","","","","","","","","","","","","","","",,,
"557a3b57-2d8e-4c7d-97d6-82eafbbdc2d1","Right Side",,"Misc",,"N/A",,,,,,"","","","","","","","","","","","","","","","","","","","","","","","","","","","","","","","","","","","","","","",,,
"051bde7e-b289-41f2-8450-bafe540b03ea","Breast Cancer, Lymph Nodes Side",,"Misc","Side","Coded",,,,,,"","","","","","","","","","","","","","","","","Left Side","Right Side","","","","","","","","","","","","","","","","","","","","","",,,
"bbedbc30-f91c-4934-a520-90a7f5796340","Discrete",,"Misc",,"N/A",,,,,,"","","","","","","","","","","","","","","","","","","","","","","","","","","","","","","","","","","","","","","",,,
"ebe7d945-2af9-4d28-af4f-4a3cc6d404a6","Matted",,"Misc",,"N/A",,,,,,"","","","","","","","","","","","","","","","","","","","","","","","","","","","","","","","","","","","","","","",,,
"e55c616d-9d92-47ea-a9a4-1e794209ea3e","Fixed",,"Misc",,"N/A",,,,,,"","","","","","","","","","","","","","","","","","","","","","","","","","","","","","","","","","","","","","","",,,
"a6c9e9d4-02cf-4354-9193-1a35b5704751","None",,"Misc",,"N/A",,,,,,"","","","","","","","","","","","","","","","","","","","","","","","","","","","","","","","","","","","","","","",,,
"f2e60be3-448f-4d98-b5f3-e479ad5e872d","Breast Cancer, Axillary",,"Misc","Axillary","Coded",,,,,,"","","","","","","","","","","","","","","","","Discrete","Matted","Fixed","None","","","","","","","","","","","","","","","","","","","",,,
"bbedbc30-f91c-4934-a520-90a7f5796340","Discrete",,"Misc",,"N/A",,,,,,"","","","","","","","","","","","","","","","","","","","","","","","","","","","","","","","","","","","","","","",,,
"ebe7d945-2af9-4d28-af4f-4a3cc6d404a6","Matted",,"Misc",,"N/A",,,,,,"","","","","","","","","","","","","","","","","","","","","","","","","","","","","","","","","","","","","","","",,,
"e55c616d-9d92-47ea-a9a4-1e794209ea3e","Fixed",,"Misc",,"N/A",,,,,,"","","","","","","","","","","","","","","","","","","","","","","","","","","","","","","","","","","","","","","",,,
"a6c9e9d4-02cf-4354-9193-1a35b5704751","None",,"Misc",,"N/A",,,,,,"","","","","","","","","","","","","","","","","","","","","","","","","","","","","","","","","","","","","","","",,,
"610ed496-51a4-4b0a-81de-b8488766cb5c","Breast Cancer, Supra Clavicular",,"Misc","Supra Clavicular","Coded",,,,,,"","","","","","","","","","","","","","","","","Discrete","Matted","Fixed","None","","","","","","","","","","","","","","","","","","","",,,
"bbedbc30-f91c-4934-a520-90a7f5796340","Discrete",,"Misc",,"N/A",,,,,,"","","","","","","","","","","","","","","","","","","","","","","","","","","","","","","","","","","","","","","",,,
"ebe7d945-2af9-4d28-af4f-4a3cc6d404a6","Matted",,"Misc",,"N/A",,,,,,"","","","","","","","","","","","","","","","","","","","","","","","","","","","","","","","","","","","","","","",,,
"e55c616d-9d92-47ea-a9a4-1e794209ea3e","Fixed",,"Misc",,"N/A",,,,,,"","","","","","","","","","","","","","","","","","","","","","","","","","","","","","","","","","","","","","","",,,
"a6c9e9d4-02cf-4354-9193-1a35b5704751","None",,"Misc",,"N/A",,,,,,"","","","","","","","","","","","","","","","","","","","","","","","","","","","","","","","","","","","","","","",,,
"93f35ec3-6392-4adb-b809-badcdbc41be5","Breast Cancer, Infra Clavicular",,"Misc","Infra Clavicular","Coded",,,,,,"","","","","","","","","","","","","","","","","Discrete","Matted","Fixed","None","","","","","","","","","","","","","","","","","","","",,,
"7ebb7471-775d-4813-87e1-400ba08d86fb","1.Other Invasive Carcinoma (Specify)",,"Misc",,"N/A",,,,,,"","","","","","","","","","","","","","","","","","","","","","","","","","","","","","","","","","","","","","","",,,
"194f7a79-0aca-433c-b7d2-94b52fcf7e91","Invasive Lobular Carcinoma",,"Misc",,"N/A",,,,,,"","","","","","","","","","","","","","","","","","","","","","","","","","","","","","","","","","","","","","","",,,
"2dc3f745-bc37-42b8-87a4-1f070d9d02d8","Invasive Ductal Carcinoma",,"Misc",,"N/A",,,,,,"","","","","","","","","","","","","","","","","","","","","","","","","","","","","","","","","","","","","","","",,,
"bea99fbe-0137-4d91-9b37-4acb2febbd7c","Other Answer",,"Misc","Other (Specify)","N/A",,,,,,"","","","","","","","","","","","","","","","","","","","","","","","","","","","","","","","","","","","","","","",,,
"8c531c4c-2bf1-4de8-94be-b73892ef7550","Breast Cancer, Pathologic Diagnosis","<p>1.Other Invasive Carcinoma (Specify)</p>","Misc","Pathologic Diagnosis","Coded",,,,,,"","","","","","","","","","","","","","","","","1.Other Invasive Carcinoma (Specify)","Invasive Lobular Carcinoma","Invasive Ductal Carcinoma","Other Answer","","","","","","","","","","","","","","","","","","","",,,
"01c62752-5e97-46ac-a41a-337326c2cf99","Breast Cancer, Pathology Report Date",,"Misc","Pathology Report Date","Date",,,,,,"","","","","","","","","","","","","","","","","","","","","","","","","","","","","","","","","","","","","","","",,,
"051e8515-aff5-4fc7-81f9-d99d64c2ca15","Positive",,"Misc",,"N/A",,,,,,"","","","","","","","","","","","","","","","","","","","","","","","","","","","","","","","","","","","","","","",,,
"9d8ff348-cc4a-489f-85b5-00cf04814cdd","Negative",,"Misc",,"N/A",,,,,,"","","","","","","","","","","","","","","","","","","","","","","","","","","","","","","","","","","","","","","",,,
"13ca383f-a5da-4035-ad0d-afee26af5059","ER/PR",,"Misc",,"Coded",,,,,,"","","","","","","","","","","","","","","","","Positive","Negative","","","","","","","","","","","","","","","","","","","","","",,,
"051e8515-aff5-4fc7-81f9-d99d64c2ca15","Positive",,"Misc",,"N/A",,,,,,"","","","","","","","","","","","","","","","","","","","","","","","","","","","","","","","","","","","","","","",,,
"9d8ff348-cc4a-489f-85b5-00cf04814cdd","Negative",,"Misc",,"N/A",,,,,,"","","","","","","","","","","","","","","","","","","","","","","","","","","","","","","","","","","","","","","",,,
"48d5bf45-b976-4cc8-9d57-e4422151ea7c","Her2New",,"Misc",,"Coded",,,,,,"","","","","","","","","","","","","","","","","Positive","Negative","","","","","","","","","","","","","","","","","","","","","",,,
"6dc49cb8-9e79-4ed9-b801-0bb49a964d89","Breast Cancer, Imaging Assessment & Findings",,"Misc","Imaging Assessment & Findings","Text",,,,,,"","","","","","","","","","","","","","","","","","","","","","","","","","","","","","","","","","","","","","","",,,
"13888c11-c295-441a-865e-af97f6e05ebc","Breast Cancer, Other Imaging Study Date",,"Misc","Study Date","Date",,,,,,"","","","","","","","","","","","","","","","","","","","","","","","","","","","","","","","","","","","","","","",,,
"b52be973-313c-4b24-b023-db0df4e7287b","CT Scan Of Chest/Abdomen/Pelvis",,"Misc","CT Chest/Abdo/Pelvis","N/A",,,,,,"","","","","","","","","","","","","","","","","","","","","","","","","","","","","","","","","","","","","","","",,,
"6f7221c2-62eb-4792-8255-e7edfd37637e","Abdominal/Pelvic Ultrasound",,"Misc","Abdo/Pelvic USG","N/A",,,,,,"","","","","","","","","","","","","","","","","","","","","","","","","","","","","","","","","","","","","","","",,,
"8b68e5d8-0a13-4c3a-8c8f-3eda30580913","Chest X-Ray",,"Misc",,"N/A",,,,,,"","","","","","","","","","","","","","","","","","","","","","","","","","","","","","","","","","","","","","","",,,
"bea99fbe-0137-4d91-9b37-4acb2febbd7c","Other Answer",,"Misc","Other (Specify)","N/A",,,,,,"","","","","","","","","","","","","","","","","","","","","","","","","","","","","","","","","","","","","","","",,,
"27eb4700-b818-47ed-8443-530fe848c804","Breast Cancer, Imaging Type",,"Misc","Imaging Type","Coded",,,,,,"","","","","","","","","","","","","","","","","CT Scan Of Chest/Abdomen/Pelvis","Abdominal/Pelvic Ultrasound","Chest X-Ray","Other Answer","","","","","","","","","","","","","","","","","","","",,,
"df59ac4d-da2b-4214-9196-fcd823474374","Metastatic",,"Misc",,"N/A",,,,,,"","","","","","","","","","","","","","","","","","","","","","","","","","","","","","","","","","","","","","","",,,
"1a1f1a00-a9a1-4316-8c86-3308613e38ce","Locally Advanced",,"Misc",,"N/A",,,,,,"","","","","","","","","","","","","","","","","","","","","","","","","","","","","","","","","","","","","","","",,,
"be96db09-f2a8-413e-8fa0-4e457e8c4c38","Early",,"Misc",,"N/A",,,,,,"","","","","","","","","","","","","","","","","","","","","","","","","","","","","","","","","","","","","","","",,,
"aeb979a9-8b43-4d5d-a694-dda42bfadf12","Breast Cancer, Treatment Group",,"Misc","Treatment Group","Coded",,,,,,"","","","","","","","","","","","","","","","","Metastatic","Locally Advanced","Early","","","","","","","","","","","","","","","","","","","","",,,
"93c0ab31-3db8-4f4f-895f-aa822e50b4bb","T0 Tumor Stage",,"Misc","T0","N/A",,,,,,"","","","","","","","","","","","","","","","","","","","","","","","","","","","","","","","","","","","","","","",,,
"b81b8a42-fbfd-4533-81dc-4932c415174d","TX Tumor Stage",,"Misc","TX","N/A",,,,,,"","","","","","","","","","","","","","","","","","","","","","","","","","","","","","","","","","","","","","","",,,
"19a0225c-9bc6-42a0-bcb6-2fd15766720b","Tis Tumor Stage",,"Misc","Tis","N/A",,,,,,"","","","","","","","","","","","","","","","","","","","","","","","","","","","","","","","","","","","","","","",,,
"93de276f-dff9-4cc5-9fef-52e566df3556","T1 Tumor Stage",,"Misc","T1","N/A",,,,,,"","","","","","","","","","","","","","","","","","","","","","","","","","","","","","","","","","","","","","","",,,
"9f7b3e6b-e939-4b5c-9b9d-d7a39d6e13a7","T2 Tumor Stage",,"Misc","T2","N/A",,,,,,"","","","","","","","","","","","","","","","","","","","","","","","","","","","","","","","","","","","","","","",,,
"688bf44a-a51b-436b-81c1-5ad5863c41c9","T3 Tumor Stage",,"Misc","T3","N/A",,,,,,"","","","","","","","","","","","","","","","","","","","","","","","","","","","","","","","","","","","","","","",,,
"9c4abebc-3b0b-49e2-a97c-b6643364dce7","T4 Tumor Stage",,"Misc","T4","N/A",,,,,,"","","","","","","","","","","","","","","","","","","","","","","","","","","","","","","","","","","","","","","",,,
"8673600b-3277-4246-a6cc-e859db4a9171","Breast Cancer, Tumor Stage",,"Misc","Tumor Stage","Coded",,,,,,"","","","","","","","","","","","","","","","","T0 Tumor Stage","TX Tumor Stage","Tis Tumor Stage","T1 Tumor Stage","T2 Tumor Stage","T3 Tumor Stage","T4 Tumor Stage","","","","","","","","","","","","","","","","",,,
"4f014e2b-8a95-4dea-b8f5-b9d11a4b22e6","N0 Lymph Node Stage",,"Misc","N0","N/A",,,,,,"","","","","","","","","","","","","","","","","","","","","","","","","","","","","","","","","","","","","","","",,,
"9df9f19c-7c04-4a62-8f68-96ec94958781","NX Lymph Node Stage",,"Misc","NX","N/A",,,,,,"","","","","","","","","","","","","","","","","","","","","","","","","","","","","","","","","","","","","","","",,,
"f5044eb5-86ef-4384-beb4-cb63ab718984","N1 Lymph Node Stage",,"Misc","N1","N/A",,,,,,"","","","","","","","","","","","","","","","","","","","","","","","","","","","","","","","","","","","","","","",,,
"7004514f-9a9b-4c2e-8b77-6f824dc539a2","N2 Lymph Node Stage",,"Misc","N2","N/A",,,,,,"","","","","","","","","","","","","","","","","","","","","","","","","","","","","","","","","","","","","","","",,,
"fe6592b5-fee5-4629-862f-789b6f8e5982","N3 Lymph Node Stage",,"Misc","N3","N/A",,,,,,"","","","","","","","","","","","","","","","","","","","","","","","","","","","","","","","","","","","","","","",,,
"7e77edcc-c837-4ff5-97d4-1b87d6157ef7","Breast Cancer, Lymph Node Stage",,"Misc","Lymph Node Stage","Coded",,,,,,"","","","","","","","","","","","","","","","","N0 Lymph Node Stage","NX Lymph Node Stage","N1 Lymph Node Stage","N2 Lymph Node Stage","N3 Lymph Node Stage","","","","","","","","","","","","","","","","","","",,,
"293bb24d-c270-4971-b3aa-f1547a4cda84","M0 Metastatic Stage",,"Misc","M0","N/A",,,,,,"","","","","","","","","","","","","","","","","","","","","","","","","","","","","","","","","","","","","","","",,,
"d66e72fc-fbff-4d65-a324-29d22af035d5","M1 Metastatic Stage",,"Misc","M1","N/A",,,,,,"","","","","","","","","","","","","","","","","","","","","","","","","","","","","","","","","","","","","","","",,,
"576b29e4-5132-4144-9f32-eaf521fd4faa","MX Metastatic Stage",,"Misc","M2","N/A",,,,,,"","","","","","","","","","","","","","","","","","","","","","","","","","","","","","","","","","","","","","","",,,
"1f934828-299e-47fe-9342-b44ebf9c5a86","Breast Cancer, Metastatic Stage",,"Misc","Metastatic Stage","Coded",,,,,,"","","","","","","","","","","","","","","","","M0 Metastatic Stage","M1 Metastatic Stage","MX Metastatic Stage","","","","","","","","","","","","","","","","","","","","",,,
"052b368d-8b20-4105-9045-a8e1f2646c0d","Breast Cancer, I",,"Misc","I","N/A",,,,,,"","","","","","","","","","","","","","","","","","","","","","","","","","","","","","","","","","","","","","","",,,
"f92d9897-b774-4f54-ada1-a712bafca939","Breast Cancer, IIa",,"Misc","IIa","N/A",,,,,,"","","","","","","","","","","","","","","","","","","","","","","","","","","","","","","","","","","","","","","",,,
"a96dee1d-d549-48eb-a1a0-87d0ae69f5d8","Breast Cancer, IIb",,"Misc","IIb","N/A",,,,,,"","","","","","","","","","","","","","","","","","","","","","","","","","","","","","","","","","","","","","","",,,
"f9c730f7-1523-4970-806a-0e8ef6f187a7","Breast Cancer, IIIa",,"Misc","IIIa","N/A",,,,,,"","","","","","","","","","","","","","","","","","","","","","","","","","","","","","","","","","","","","","","",,,
"9db5ed6c-2a12-44f1-b7dd-02a95840e041","Breast Cancer, IIIb",,"Misc","IIIb","N/A",,,,,,"","","","","","","","","","","","","","","","","","","","","","","","","","","","","","","","","","","","","","","",,,
"346ce820-cb1c-4b70-86bc-326875be0516","Breast Cancer, IIIc",,"Misc","IIIc","N/A",,,,,,"","","","","","","","","","","","","","","","","","","","","","","","","","","","","","","","","","","","","","","",,,
"df6af46b-e6d5-4f9a-9db7-448932223902","Breast Cancer, IV",,"Misc","IV","N/A",,,,,,"","","","","","","","","","","","","","","","","","","","","","","","","","","","","","","","","","","","","","","",,,
"670f3a0c-fc0c-4103-add8-98632f453ed5","Breast Cancer, Clinical Stage",,"Misc","Clinical Stage","Coded",,,,,,"","","","","","","","","","","","","","","","","Breast Cancer, I","Breast Cancer, IIa","Breast Cancer, IIb","Breast Cancer, IIIa","Breast Cancer, IIIb","Breast Cancer, IIIc","Breast Cancer, IV","","","","","","","","","","","","","","","","",,,
"2400d1fc-1b2c-4390-9dcc-95c1a92b1c06","Breast Cancer, Treatment Plan, Plan Summary",,"Misc","Plan Summary","Text",,,,,,"","","","","","","","","","","","","","","","","","","","","","","","","","","","","","","","","","","","","","","",,,
"214d001b-7f69-469e-8d92-87d68730c0cf","Palliation Only",,"Misc",,"N/A",,,,,,"","","","","","","","","","","","","","","","","","","","","","","","","","","","","","","","","","","","","","","",,,
"3d309d73-0ffa-4722-8d83-bb14a3d5b966","Curative",,"Misc",,"N/A",,,,,,"","","","","","","","","","","","","","","","","","","","","","","","","","","","","","","","","","","","","","","",,,
"09ab7b19-b039-4368-a5ce-ca689fd0ba3f","Breast Cancer, Treatment Intent",,"Misc","Treatment Intent","Coded",,,,,,"","","","","","","","","","","","","","","","","Palliation Only","Curative","","","","","","","","","","","","","","","","","","","","","",,,
"905576e0-213c-433d-9b2f-ce54b15ba049","Date of Diagnosed",,"Misc",,"Date",,,,,,"","","","","","","","","","","","","","","","","","","","","","","","","","","","","","","","","","","","","","","",,,
"214d001b-7f69-469e-8d92-87d68730c0cf","Palliation Only",,"Misc",,"N/A",,,,,,"","","","","","","","","","","","","","","","","","","","","","","","","","","","","","","","","","","","","","","",,,
"3d309d73-0ffa-4722-8d83-bb14a3d5b966","Curative",,"Misc",,"N/A",,,,,,"","","","","","","","","","","","","","","","","","","","","","","","","","","","","","","","","","","","","","","",,,
"09ab7b19-b039-4368-a5ce-ca689fd0ba3f","Breast Cancer, Treatment Intent",,"Misc","Treatment Intent","Coded",,,,,,"","","","","","","","","","","","","","","","","Palliation Only","Curative","","","","","","","","","","","","","","","","","","","","","",,,
"e51655f7-988e-403f-b630-f75bbbaac8a1","Cance, Surgery",,"Misc","Surgery","Text",,,,,,"","","","","","","","","","","","","","","","","","","","","","","","","","","","","","","","","","","","","","","",,,
"0ab10fb3-342f-4809-a1d5-085ab91a8210","Cyclophosphamide + Doxorubicin + Fluorouracil",,"Misc","CAF","N/A",,,,,,"","","","","","","","","","","","","","","","","","","","","","","","","","","","","","","","","","","","","","","",,,
"ee5e7b60-c4ab-41ca-868a-4e4153134497","Cyclophosphamide Methotrexate Fluorouracil",,"Misc","CMF","N/A",,,,,,"","","","","","","","","","","","","","","","","","","","","","","","","","","","","","","","","","","","","","","",,,
"0f49fb99-91a4-4f31-9c43-a9953cf1bc45","Doxorubicin + Cyclophosphamide",,"Misc","AC","N/A",,,,,,"","","","","","","","","","","","","","","","","","","","","","","","","","","","","","","","","","","","","","","",,,
"3c2866d9-bbe8-4a1a-8a2e-ab47581b3ac1","Paclitaxel",,"Drug",,"N/A",,,,,,"","","","","","","","","","","","","","","","","","","","","","","","","","","","","","","","","","","","","","","",,,
"4133ec25-a376-4959-82b0-c6cdb2053228","Tamoxifen",,"Drug",,"N/A",,,,,,"","","","","","","","","","","","","","","","","","","","","","","","","","","","","","","","","","","","","","","",,,
"bea99fbe-0137-4d91-9b37-4acb2febbd7c","Other Answer",,"Misc","Other (Specify)","N/A",,,,,,"","","","","","","","","","","","","","","","","","","","","","","","","","","","","","","","","","","","","","","",,,
"4ab79d3d-4d52-4d9e-84d7-c32c953abdd7","Cancer, Regimen Type",,"Misc","Regimen Type","Coded",,,,,,"","","","","","","","","","","","","","","","","Cyclophosphamide + Doxorubicin + Fluorouracil","Cyclophosphamide Methotrexate Fluorouracil","Doxorubicin + Cyclophosphamide","Paclitaxel","Tamoxifen","Other Answer","","","","","","","","","","","","","","","","","",,,
"8d08e125-ab54-4a41-83b8-4d2b4791b36a","Radiotherapy, Bilaspur",,"Misc","Bilaspur","N/A",,,,,,"","","","","","","","","","","","","","","","","","","","","","","","","","","","","","","","","","","","","","","",,,
"35d707b2-30c4-45b0-920b-afb743be5ef5","Radiotherapy, Raipur",,"Misc","Raipur","N/A",,,,,,"","","","","","","","","","","","","","","","","","","","","","","","","","","","","","","","","","","","","","","",,,
"77434e86-076a-40c9-9463-c2c7711097b6","Radiotherapy, Others",,"Misc","Others","N/A",,,,,,"","","","","","","","","","","","","","","","","","","","","","","","","","","","","","","","","","","","","","","",,,
"a9c5a9cf-3f6b-426a-bc1e-12e05644655e","Radiotherapy, None",,"Misc","None","N/A",,,,,,"","","","","","","","","","","","","","","","","","","","","","","","","","","","","","","","","","","","","","","",,,
"d2344819-b4f1-4bb6-a80d-bf22deaaea73","Radiotherapy",,"Misc",,"Coded",,,,,,"","","","","","","","","","","","","","","","","Radiotherapy, Bilaspur","Radiotherapy, Raipur","Radiotherapy, Others","Radiotherapy, None","","","","","","","","","","","","","","","","","","","",,,
"8916aefb-93b2-48de-864f-b2783599921f","3 Years",,"Misc",,"N/A",,,,,,"","","","","","","","","","","","","","","","","","","","","","","","","","","","","","","","","","","","","","","",,,
"518aef64-23c3-46fd-8155-7aec7dffb058","5 Years",,"Misc",,"N/A",,,,,,"","","","","","","","","","","","","","","","","","","","","","","","","","","","","","","","","","","","","","","",,,
"5ebdda67-4c7c-4899-b2a7-60e9804b069e","Aromatase Inhibitors, Not Given",,"Misc","Not Given","N/A",,,,,,"","","","","","","","","","","","","","","","","","","","","","","","","","","","","","","","","","","","","","","",,,
"9cfa2158-35fc-497d-b0ea-76369476a1c6","Tamoxifen 20mg OD",,"Misc",,"Coded",,,,,,"","","","","","","","","","","","","","","","","3 Years","5 Years","Aromatase Inhibitors, Not Given","","","","","","","","","","","","","","","","","","","","",,,
"be8961ee-7856-436c-8196-ee49ea9859a7","Aromatase Inhibitors, Given",,"Misc","Given","N/A",,,,,,"","","","","","","","","","","","","","","","","","","","","","","","","","","","","","","","","","","","","","","",,,
"5ebdda67-4c7c-4899-b2a7-60e9804b069e","Aromatase Inhibitors, Not Given",,"Misc","Not Given","N/A",,,,,,"","","","","","","","","","","","","","","","","","","","","","","","","","","","","","","","","","","","","","","",,,
"811e9902-c8be-4446-92d4-748c1a34888f","Aromatase Inhibitors",,"Misc",,"Coded",,,,,,"","","","","","","","","","","","","","","","","Aromatase Inhibitors, Given","Aromatase Inhibitors, Not Given","","","","","","","","","","","","","","","","","","","","","",,,
"48dd2a87-1353-4be7-a35a-3d09d3620ebd","Cancer, Follow up",,"Misc","Follow up","Text",,,,,,"","","","","","","","","","","","","","","","","","","","","","","","","","","","","","","","","","","","","","","",,,
"4968357b-c14b-4bdd-8462-16eeeabab452","Compliance, Compliant",,"Misc","Compliant","N/A",,,,,,"","","","","","","","","","","","","","","","","","","","","","","","","","","","","","","","","","","","","","","",,,
"6f2fdd8c-87fd-41d0-848e-0b3885e48cd8","Compliance, Non Compliant",,"Misc","Non Compliant","N/A",,,,,,"","","","","","","","","","","","","","","","","","","","","","","","","","","","","","","","","","","","","","","",,,
"a1d55e06-888c-4756-bed0-34637db15162","Cancer, Compliance",,"Misc","Compliance","Coded",,,,,,"","","","","","","","","","","","","","","","","Compliance, Compliant","Compliance, Non Compliant","","","","","","","","","","","","","","","","","","","","","",,,
"bc3aa13f-d29b-48ae-8eb0-296bae781543","Final Outcome, Disease Free",,"Misc","Disease Free","N/A",,,,,,"","","","","","","","","","","","","","","","","","","","","","","","","","","","","","","","","","","","","","","",,,
"d26faf07-222e-46a6-b09d-fa19f8cf82f7","Final Outcome, Transfer Out",,"Misc","Transfer Out","N/A",,,,,,"","","","","","","","","","","","","","","","","","","","","","","","","","","","","","","","","","","","","","","",,,
"21f9d3f9-d1ca-44a4-b36c-394d481c4fa0","Cervical Cancer, Treatment not Started",,"Misc","Treatment not Started","N/A",,,,,,"","","","","","","","","","","","","","","","","","","","","","","","","","","","","","","","","","","","","","","",,,
"8ffbf871-4fab-437a-8b77-46fc0a1cf43c","Final Outcome, Default",,"Misc","Default","N/A",,,,,,"","","","","","","","","","","","","","","","","","","","","","","","","","","","","","","","","","","","","","","",,,
"8f5bc0a8-d74f-4679-af1d-b414b1ee151c","Cervical Cancer, Loss to Follow up",,"Misc","Loss to Follow up","N/A",,,,,,"","","","","","","","","","","","","","","","","","","","","","","","","","","","","","","","","","","","","","","",,,
"c2b927be-075b-45e3-bd54-26e218386b6a","Final Outcome, Death",,"Misc","Death","N/A",,,,,,"","","","","","","","","","","","","","","","","","","","","","","","","","","","","","","","","","","","","","","",,,
"d9248c1a-100d-4e98-8930-e2b8a004f03c","Final Outcome",,"Misc",,"Coded",,,,,,"","","","","","","","","","","","","","","","","Final Outcome, Disease Free","Final Outcome, Transfer Out","Cervical Cancer, Treatment not Started","Final Outcome, Default","Cervical Cancer, Loss to Follow up","Final Outcome, Death","","","","","","","","","","","","","","","","","",,,
"a3ebcacb-d196-44dc-a059-2894d94cf1c3","Radiation Therapy",,"Misc",,"N/A",,,,,,"","","","","","","","","","","","","","","","","","","","","","","","","","","","","","","","","","","","","","","",,,
"613610e8-9352-4571-8992-e68e43483e7a","Surgery",,"Misc",,"N/A",,,,,,"","","","","","","","","","","","","","","","","","","","","","","","","","","","","","","","","","","","","","","",,,
"a239163f-1f44-483b-9517-326930bc18d6","Chemotherapy",,"Misc",,"N/A",,,,,,"","","","","","","","","","","","","","","","","","","","","","","","","","","","","","","","","","","","","","","",,,
"7f0b5182-a48b-49b1-b3f2-f5e8975da494","Breast Cancer, Treatment",,"Misc","Treatment","Coded",,,,,,"","","","","","","","","","","","","","","","","Radiation Therapy","Surgery","Chemotherapy","","","","","","","","","","","","","","","","","","","","",,,
"0ab10fb3-342f-4809-a1d5-085ab91a8210","Cyclophosphamide + Doxorubicin + Fluorouracil",,"Misc","CAF","N/A",,,,,,"","","","","","","","","","","","","","","","","","","","","","","","","","","","","","","","","","","","","","","",,,
"ee5e7b60-c4ab-41ca-868a-4e4153134497","Cyclophosphamide Methotrexate Fluorouracil",,"Misc","CMF","N/A",,,,,,"","","","","","","","","","","","","","","","","","","","","","","","","","","","","","","","","","","","","","","",,,
"0f49fb99-91a4-4f31-9c43-a9953cf1bc45","Doxorubicin + Cyclophosphamide",,"Misc","AC","N/A",,,,,,"","","","","","","","","","","","","","","","","","","","","","","","","","","","","","","","","","","","","","","",,,
"3c2866d9-bbe8-4a1a-8a2e-ab47581b3ac1","Paclitaxel",,"Drug",,"N/A",,,,,,"","","","","","","","","","","","","","","","","","","","","","","","","","","","","","","","","","","","","","","",,,
"4133ec25-a376-4959-82b0-c6cdb2053228","Tamoxifen",,"Drug",,"N/A",,,,,,"","","","","","","","","","","","","","","","","","","","","","","","","","","","","","","","","","","","","","","",,,
"bea99fbe-0137-4d91-9b37-4acb2febbd7c","Other Answer",,"Misc","Other (Specify)","N/A",,,,,,"","","","","","","","","","","","","","","","","","","","","","","","","","","","","","","","","","","","","","","",,,
"ddd9eecb-7296-4d68-b783-ff549ed18a45","Breast Cancer, Regimen Type","If treatment is Chemotherapy","Misc","Regimen Type","Coded",,,,,,"","","","","","","","","","","","","","","","","Cyclophosphamide + Doxorubicin + Fluorouracil","Cyclophosphamide Methotrexate Fluorouracil","Doxorubicin + Cyclophosphamide","Paclitaxel","Tamoxifen","Other Answer","","","","","","","","","","","","","","","","","",,,
"98a8d451-d52e-40e8-90e1-ff1dbbb1cb84","Palliative",,"Misc",,"N/A",,,,,,"","","","","","","","","","","","","","","","","","","","","","","","","","","","","","","","","","","","","","","",,,
"da164ab7-b53b-4f9a-aa79-cd09959c12e8","Adjuvant",,"Misc",,"N/A",,,,,,"","","","","","","","","","","","","","","","","","","","","","","","","","","","","","","","","","","","","","","",,,
"d5667fb2-a4d1-4239-8996-115a447b67b0","Neoadjuvant",,"Misc",,"N/A",,,,,,"","","","","","","","","","","","","","","","","","","","","","","","","","","","","","","","","","","","","","","",,,
"01740be6-1479-4f97-af00-a75f1bb80d6e","Breast Cancer, Regimen Timing","If treatment is Chemotherapy","Misc","Regimen Timing","Coded",,,,,,"","","","","","","","","","","","","","","","","Palliative","Adjuvant","Neoadjuvant","","","","","","","","","","","","","","","","","","","","",,,
"20084958-f61f-4ad0-ab1d-96a3ed688cbc","Breast Cancer, Chemotherapy Cycle number",,"Misc","Cycle number","Numeric",,,,,,"","","","","","","","","","","","","","","","","","","","","","","","","","","","","","","","","","","","","","","",,,
"f1bb756e-63de-4e68-8aaf-869f011366ff","Breast Cancer, Planned changes to standard regimen",,"Misc","Planned changes to standard regimen","Text",,,,,,"","","","","","","","","","","","","","","","","","","","","","","","","","","","","","","","","","","","","","","",,,
"bea99fbe-0137-4d91-9b37-4acb2febbd7c","Other Answer",,"Misc","Other (Specify)","N/A",,,,,,"","","","","","","","","","","","","","","","","","","","","","","","","","","","","","","","","","","","","","","",,,
"ba025b70-4b02-47a6-b803-f42ae3a9d368","1.MRM with Axillary Lymph Node Dissection",,"Misc",,"N/A",,,,,,"","","","","","","","","","","","","","","","","","","","","","","","","","","","","","","","","","","","","","","",,,
"d08b9c03-a11c-4e88-9401-60f699c4ad09","Breast Cancer, Surgery Type","<p>If treatment is Surgery</p><p>1.MRM with Axillary Lymph Node Dissection</p>","Misc","Surgery Type","Coded",,,,,,"","","","","","","","","","","","","","","","","Other Answer","1.MRM with Axillary Lymph Node Dissection","","","","","","","","","","","","","","","","","","","","","",,,
"5d432407-e34d-11e3-983a-91270dcbd3bf","Fever",,"Misc","Fever","N/A",,,,,,"","","","","","","","","","","","","","","","","","","","","","","","","","","","","","","","","","","","","","","",,,
"2a13f92e-4cb9-491a-a017-9230ecb2b6b1","Weight loss",,"Misc",,"N/A",,,,,,"","","","","","","","","","","","","","","","","","","","","","","","","","","","","","","","","","","","","","","",,,
"55dca0e7-e34d-11e3-983a-91270dcbd3bf","Anorexia",,"Misc","Anorexia","N/A",,,,,,"","","","","","","","","","","","","","","","","","","","","","","","","","","","","","","","","","","","","","","",,,
"6f098cb3-2816-402b-b8a9-e1b5446a771b","Cough with expectoration",,"Misc",,"N/A",,,,,,"","","","","","","","","","","","","","","","","","","","","","","","","","","","","","","","","","","","","","","",,,
"2618324a-dc87-4d95-854e-83fd015e3f19","Cough without expectoration",,"Misc",,"N/A",,,,,,"","","","","","","","","","","","","","","","","","","","","","","","","","","","","","","","","","","","","","","",,,
"18e65a93-ed86-11e3-8f57-746bba63c2a3","Breathlessness",,"Misc",,"N/A",,,,,,"","","","","","","","","","","","","","","","","","","","","","","","","","","","","","","","","","","","","","","",,,
"7bbaf5b8-722c-44af-b246-0e5534f7ff73","Night Sweats",,"Misc",,"N/A",,,,,,"","","","","","","","","","","","","","","","","","","","","","","","","","","","","","","","","","","","","","","",,,
"693fb56c-a83b-4818-8724-e1367ca5041a","Lymph Node Enlarged",,"Misc",,"N/A",,,,,,"","","","","","","","","","","","","","","","","","","","","","","","","","","","","","","","","","","","","","","",,,
"eb4d2cbc-8798-4073-83d6-9eb1934231ca","False No",,"Misc","No","N/A",,,,,,"Faux","Falso","Falso","Não","No","No","Non","Falso","","","","","","","","","","","","","","","","","","","","","","","","","","","","","","","",,,
"f5cd1985-d1af-4bc6-a172-2d26ea9d2db5","Mild",,"Misc",,"N/A",,,,,,"","","","","","","","","","","","","","","","","","","","","","","","","","","","","","","","","","","","","","","",,,
"ccc6ea29-9ac6-4e93-88e9-d6262564c3cd","Moderate",,"Misc",,"N/A",,,,,,"","","","","","","","","","","","","","","","","","","","","","","","","","","","","","","","","","","","","","","",,,
"cfd3984a-dff8-41f8-8898-ba51fb5de2f8","Severe",,"Misc",,"N/A",,,,,,"","","","","","","","","","","","","","","","","","","","","","","","","","","","","","","","","","","","","","","",,,
"57cfff64-e34d-11e3-983a-91270dcbd3bf","Chest Pain",,"Misc","Chest Pain","Coded",,,,,,"","","","","","","","","","","","","","","","","False No","Mild","Moderate","Severe","","","","","","","","","","","","","","","","","","","",,,
"bea99fbe-0137-4d91-9b37-4acb2febbd7c","Other Answer",,"Misc","Other (Specify)","N/A",,,,,,"","","","","","","","","","","","","","","","","","","","","","","","","","","","","","","","","","","","","","","",,,
"91826e6c-d344-4387-88c6-54a9868c1a62","No fresh complaint",,"Misc",,"N/A",,,,,,"","","","","","","","","","","","","","","","","","","","","","","","","","","","","","","","","","","","","","","",,,
"f7ce11f3-7a86-452c-8258-d02d82f1bbdc","Tuberculosis, Symptoms",,"Misc","Symptoms","Coded",,,,,,"","","","","","","","","","","","","","","","","Fever","Weight loss","Anorexia","Cough with expectoration","Cough without expectoration","Breathlessness","Night Sweats","Lymph Node Enlarged","Chest Pain","Other Answer","No fresh complaint","","","","","","","","","","","","",,,
"93c2d29f-ab88-48fe-838d-afd7edeaa669","Tuberculosis, Symptoms Duration",,"Duration","Duration","Numeric",,,,,,"","","","","","","","","","","","","","","","","","","","","","","","","","","","","","","","","","","","","","","",,,
"010d0ce2-0f81-44e0-b269-67ee08a0b03b","Tuberculosis, Symptoms  duration",,"Misc","Duration (in days)","Text",,,,,,"","","","","","","","","","","","","","","","","","","","","","","","","","","","","","","","","","","","","","","",,,
"c44adf7c-7458-403f-bfac-098f11bdc793","Tuberculosis, Other Symptoms",,"Misc","Other Symptoms","Text",,,,,,"","","","","","","","","","","","","","","","","","","","","","","","","","","","","","","","","","","","","","","",,,
"9d8ff348-cc4a-489f-85b5-00cf04814cdd","Negative",,"Misc",,"N/A",,,,,,"","","","","","","","","","","","","","","","","","","","","","","","","","","","","","","","","","","","","","","",,,
"c40e5e72-bf87-4fdb-80ef-0112b6c025c3","Positive Family History",,"Misc",,"N/A",,,,,,"","","","","","","","","","","","","","","","","","","","","","","","","","","","","","","","","","","","","","","",,,
"649aaee3-c7e9-40f6-95c4-8af19225a309","Positive TB Contact outside family",,"Misc","Positive outside family","N/A",,,,,,"","","","","","","","","","","","","","","","","","","","","","","","","","","","","","","","","","","","","","","",,,
"5aa292d9-a671-4688-b1b6-2613fa91321f","Tuberculosis, History of TB Contact",,"Misc","History of Contact","Coded",,,,,,"","","","","","","","","","","","","","","","","Negative","Positive Family History","Positive TB Contact outside family","","","","","","","","","","","","","","","","","","","","",,,
"d03b0c1a-25db-481c-92ba-08fd648f7154","Tuberculosis, Family member died of TB",,"Misc","Any Tuberculosis death in family","Boolean",,,,,,"","","","","","","","","","","","","","","","","","","","","","","","","","","","","","","","","","","","","","","",,,
"22189dda-25f5-4fdb-8330-242301a6e7e3","Tuberculosis, Duration since last treatment",,"Misc","Duration since last treatment","Numeric",,,,,,"","","","","","","","","","","","","","","","","","","","","","","","","","","","","","","","","","","","","","","",,,
"7b1cd7e7-df73-4cb8-8f7c-e48fa6a15719","Tuberculosis, Duration of last treatment",,"Misc","Duration of last treatment","Numeric",,,,,,"","","","","","","","","","","","","","","","","","","","","","","","","","","","","","","","","","","","","","","",,,
"7535fdc9-7429-4392-9ad2-c319a8f008c3","Private",,"Misc",,"N/A",,,,,,"","","","","","","","","","","","","","","","","","","","","","","","","","","","","","","","","","","","","","","",,,
"d0c48d18-0a6a-11e3-939c-8c50edb4be99","Government",,"Misc",,"N/A",,,,,,"","","","","","","","","","","","","","","","","","","","","","","","","","","","","","","","","","","","","","","",,,
"626e8f31-a84d-4449-81a3-26d9d7a56be1","Tuberculosis, Past Treatment Facility",,"Misc","Past Treatment Facility","Coded",,,,,,"","","","","","","","","","","","","","","","","Private","Government","","","","","","","","","","","","","","","","","","","","","",,,
"c1a10c41-f89d-462a-9840-c4710fce8c19","Tuberculosis, Past Treatment Details","Category, Period, Doses etc","Misc","Past Treatment Details","Text",,,,,,"","","","","","","","","","","","","","","","","","","","","","","","","","","","","","","","","","","","","","","",,,
"fd6ed8c8-36c2-4ba0-95a4-c1a073a6a6c0","Pulmonary",,"Misc",,"N/A",,,,,,"","","","","","","","","","","","","","","","","","","","","","","","","","","","","","","","","","","","","","","",,,
"882a5387-f92e-42ba-9105-83bb601ef303","Extrapulmonary",,"Misc",,"N/A",,,,,,"","","","","","","","","","","","","","","","","","","","","","","","","","","","","","","","","","","","","","","",,,
"52d479f3-8588-445d-9501-40c57afe6567","Pulmonary + Extrapulmonary",,"Misc",,"N/A",,,,,,"","","","","","","","","","","","","","","","","","","","","","","","","","","","","","","","","","","","","","","",,,
"3485211c-63a3-4c18-8afc-756666338951","Disseminated",,"Misc",,"N/A",,,,,,"","","","","","","","","","","","","","","","","","","","","","","","","","","","","","","","","","","","","","","",,,
"8dd447d9-74e0-477b-a787-a957ea76eeb1","Tuberculosis, Type",,"Misc","Type of Tuberculosis","Coded",,,,,,"","","","","","","","","","","","","","","","","Pulmonary","Extrapulmonary","Pulmonary + Extrapulmonary","Disseminated","","","","","","","","","","","","","","","","","","","",,,
"d19cfd06-5bca-49e5-87d2-ad3e9dc4c6ae","New Patient",,"Misc",,"N/A",,,,,,"","","","","","","","","","","","","","","","","","","","","","","","","","","","","","","","","","","","","","","",,,
"bc6a27c5-0c1b-4151-b820-e6a7c2bab3b1","Treatment after default",,"Misc",,"N/A",,,,,,"","","","","","","","","","","","","","","","","","","","","","","","","","","","","","","","","","","","","","","",,,
"e1b5d50b-bdc5-4cec-81c7-7048641af6af","Treatment after relapse",,"Misc",,"N/A",,,,,,"","","","","","","","","","","","","","","","","","","","","","","","","","","","","","","","","","","","","","","",,,
"7f560d74-4c65-44f6-a50e-7f64d6d9eccf","Treatment after failure",,"Misc",,"N/A",,,,,,"","","","","","","","","","","","","","","","","","","","","","","","","","","","","","","","","","","","","","","",,,
"0dbc4bec-f30b-4f94-b179-fa5f7b5977a3","Tuberculosis, Patient Category",,"Misc","Patient Category","Coded",,,,,,"","","","","","","","","","","","","","","","","New Patient","Treatment after default","Treatment after relapse","Treatment after failure","","","","","","","","","","","","","","","","","","","",,,
"4d708dac-8813-4fba-82aa-fdb3d80d10ee","Pleural",,"Misc",,"N/A",,,,,,"","","","","","","","","","","","","","","","","","","","","","","","","","","","","","","","","","","","","","","",,,
"34868bec-e6ab-4d07-a412-3f2dc84cab5c","Lymph Node",,"Misc",,"N/A",,,,,,"","","","","","","","","","","","","","","","","","","","","","","","","","","","","","","","","","","","","","","",,,
"4de863fc-3bb6-4292-95e2-88d598d42e67","Intestinal",,"Misc",,"N/A",,,,,,"","","","","","","","","","","","","","","","","","","","","","","","","","","","","","","","","","","","","","","",,,
"2353e058-462e-464b-8351-08a36bf8c575","Peritoneal",,"Misc",,"N/A",,,,,,"","","","","","","","","","","","","","","","","","","","","","","","","","","","","","","","","","","","","","","",,,
"7a04f6b1-719b-4fa2-a7d7-3d5e231e2402","Skeletal",,"Misc",,"N/A",,,,,,"","","","","","","","","","","","","","","","","","","","","","","","","","","","","","","","","","","","","","","",,,
"7fa1430e-8b86-4b37-94c6-43fe339a573d","Articular",,"Misc",,"N/A",,,,,,"","","","","","","","","","","","","","","","","","","","","","","","","","","","","","","","","","","","","","","",,,
"a2e16d51-281e-4a47-a94a-033bd26e6670","Meningeal",,"Misc",,"N/A",,,,,,"","","","","","","","","","","","","","","","","","","","","","","","","","","","","","","","","","","","","","","",,,
"3d826b21-8b82-40cc-b656-e6be5478aabb","Renal",,"Misc",,"N/A",,,,,,"","","","","","","","","","","","","","","","","","","","","","","","","","","","","","","","","","","","","","","",,,
"39c69047-4c1f-46ff-af44-4ef88185aeef","Genital",,"Misc",,"N/A",,,,,,"","","","","","","","","","","","","","","","","","","","","","","","","","","","","","","","","","","","","","","",,,
"011ccc5b-c318-49ca-ab3c-a16c2cd5d980","Cutaneous",,"Misc",,"N/A",,,,,,"","","","","","","","","","","","","","","","","","","","","","","","","","","","","","","","","","","","","","","",,,
"331edbe1-4908-4e28-90e4-3993e909c4e0","Pericardial",,"Misc",,"N/A",,,,,,"","","","","","","","","","","","","","","","","","","","","","","","","","","","","","","","","","","","","","","",,,
"bea99fbe-0137-4d91-9b37-4acb2febbd7c","Other Answer",,"Misc","Other (Specify)","N/A",,,,,,"","","","","","","","","","","","","","","","","","","","","","","","","","","","","","","","","","","","","","","",,,
"c4eeffc6-3f29-41ce-9cc1-0199ad22e785","Tuberculosis, Extrapulmonary Site",,"Misc","EP Site","Coded",,,,,,"","","","","","","","","","","","","","","","","Pleural","Lymph Node","Intestinal","Peritoneal","Skeletal","Articular","Meningeal","Renal","Genital","Cutaneous","Pericardial","Other Answer","","","","","","","","","","","",,,
"f635e3a6-d00c-425e-9df5-2e1648317907","Tuberculosis, Lymph Node Size",,"Misc","Lymph Node Size","Text",,,,,,"","","","","","","","","","","","","","","","","","","","","","","","","","","","","","","","","","","","","","","",,,
"6c47b044-1498-41dc-992e-15ff68680120","Tuberculosis, Lymph Node Pain",,"Misc","Pain","Text",,,,,,"","","","","","","","","","","","","","","","","","","","","","","","","","","","","","","","","","","","","","","",,,
"95bf8e7d-d3e5-45f1-b04b-a7c20597885f","Tuberculosis, Lymph Node Discharge, Sinus, Ulcer",,"Misc","Discharge, Sinus, Ulcer","Text",,,,,,"","","","","","","","","","","","","","","","","","","","","","","","","","","","","","","","","","","","","","","",,,
"16500a25-007d-4bcd-ae9b-7ba2a22e318e","Tuberculosis, Pleural TB Respiratory Rate",,"Misc","Respiratory Rate","Numeric",,,,,,"","","","","","","","","","","","","","","","","","","","","","","","","","","","","","","","","","","","","","","",,,
"a8eca9b8-6c3c-4fa5-a5d4-a16bde7b0e3f","Extensive",,"Misc",,"N/A",,,,,,"","","","","","","","","","","","","","","","","","","","","","","","","","","","","","","","","","","","","","","",,,
"31e04f31-41fd-4e37-80a7-66c69fc0aefa","Limited",,"Misc",,"N/A",,,,,,"","","","","","","","","","","","","","","","","","","","","","","","","","","","","","","","","","","","","","","",,,
"251ad4cf-b227-4629-836d-4d73aa08ce64","Tuberculosis, X-Ray Extent",,"Misc","Extent","Coded",,,,,,"","","","","","","","","","","","","","","","","Extensive","Limited","","","","","","","","","","","","","","","","","","","","","",,,
"6cfd793f-6db6-428e-80ad-2971f2a6161c","Non-cavitary",,"Misc",,"N/A",,,,,,"","","","","","","","","","","","","","","","","","","","","","","","","","","","","","","","","","","","","","","",,,
"071027f5-7d64-472a-926b-2b2514a156a3","Cavitary",,"Misc",,"N/A",,,,,,"","","","","","","","","","","","","","","","","","","","","","","","","","","","","","","","","","","","","","","",,,
"5af5a754-8253-4802-a93a-b66cf46426cc","Tuberculosis, X-Ray Cavity",,"Misc","Cavity","Coded",,,,,,"","","","","","","","","","","","","","","","","Non-cavitary","Cavitary","","","","","","","","","","","","","","","","","","","","","",,,
"0b5f454b-58dd-4e6c-9c12-ffa6e3e00c11","Sputum Microscopy",,"Misc",,"N/A",,,,,,"","","","","","","","","","","","","","","","","","","","","","","","","","","","","","","","","","","","","","","",,,
"f71546a6-0026-4761-950d-74d2543488ef","Clinical Exam",,"Misc",,"N/A",,,,,,"","","","","","","","","","","","","","","","","","","","","","","","","","","","","","","","","","","","","","","",,,
"6911545f-217d-4db9-9160-356b74613093","X-Ray Findings",,"Misc",,"N/A",,,,,,"","","","","","","","","","","","","","","","","","","","","","","","","","","","","","","","","","","","","","","",,,
"fc0258e9-c1c8-478d-9a5e-87eab06bf991","Sputum Culture",,"Misc",,"N/A",,,,,,"","","","","","","","","","","","","","","","","","","","","","","","","","","","","","","","","","","","","","","",,,
"4ce1e44f-71c1-46e8-94fc-33f699b992d7","Histopathology",,"Misc",,"N/A",,,,,,"","","","","","","","","","","","","","","","","","","","","","","","","","","","","","","","","","","","","","","",,,
"8723bd51-8750-414c-a50c-5c61356e3243","Cytochemistry",,"Misc",,"N/A",,,,,,"","","","","","","","","","","","","","","","","","","","","","","","","","","","","","","","","","","","","","","",,,
"26320ecc-2ef1-4d3a-a5d2-28b34ba679ca","CBNAAT",,"Misc",,"N/A",,,,,,"","","","","","","","","","","","","","","","","","","","","","","","","","","","","","","","","","","","","","","",,,
"662ab429-48d1-4666-9dd8-61b09c6cc7ad","Basis of Diagnosis, History of TB Contact",,"Misc","History of TB Contact","N/A",,,,,,"","","","","","","","","","","","","","","","","","","","","","","","","","","","","","","","","","","","","","","",,,
"9b7f087d-eabf-4e3c-a025-daa9c31afc41","Basis of Diagnosis,Fluid Analysis",,"Misc","Fluid Analysis","N/A",,,,,,"","","","","","","","","","","","","","","","","","","","","","","","","","","","","","","","","","","","","","","",,,
"15a61c3f-697f-4379-ae18-b42800459fd9","Tuberculosis, Basis of Diagnosis",,"Misc","Basis of Diagnosis","Coded",,,,,,"","","","","","","","","","","","","","","","","Sputum Microscopy","Clinical Exam","X-Ray Findings","Sputum Culture","Histopathology","Cytochemistry","CBNAAT","Basis of Diagnosis, History of TB Contact","Basis of Diagnosis,Fluid Analysis","","","","","","","","","","","","","","",,,
"316cc0fc-636d-44e0-939b-4c9a131c0203","Diabetes",,"Misc",,"N/A",,,,,,"","","","","","","","","","","","","","","","","","","","","","","","","","","","","","","","","","","","","","","",,,
"f8022eb3-6d2e-4a27-b224-7b0bdfee5f84","Liver Disease",,"Misc",,"N/A",,,,,,"","","","","","","","","","","","","","","","","","","","","","","","","","","","","","","","","","","","","","","",,,
"05195c83-066a-4a45-a08f-90ff5ee1f3ad","HIV",,"Misc",,"N/A",,,,,,"","","","","","","","","","","","","","","","","","","","","","","","","","","","","","","","","","","","","","","",,,
"1c6e9487-b059-4b7b-a0b3-03a0f12752ae","Renal Disease",,"Misc",,"N/A",,,,,,"","","","","","","","","","","","","","","","","","","","","","","","","","","","","","","","","","","","","","","",,,
"95e1d551-c8d0-4b76-bc1f-0308dd8c5031","RHD",,"Misc",,"N/A",,,,,,"","","","","","","","","","","","","","","","","","","","","","","","","","","","","","","","","","","","","","","",,,
"5affef02-c2dc-4925-8cf5-69848051471a","Asthma",,"Misc",,"N/A",,,,,,"","","","","","","","","","","","","","","","","","","","","","","","","","","","","","","","","","","","","","","",,,
"c0fb27ed-885c-4896-81e6-8e1c4bdc7879","Severe Undernutrition",,"Misc",,"N/A",,,,,,"","","","","","","","","","","","","","","","","","","","","","","","","","","","","","","","","","","","","","","",,,
"bea99fbe-0137-4d91-9b37-4acb2febbd7c","Other Answer",,"Misc","Other (Specify)","N/A",,,,,,"","","","","","","","","","","","","","","","","","","","","","","","","","","","","","","","","","","","","","","",,,
"a01a8051-89db-4265-9335-79cd551cd1dd","Comorbidity,Anemia",,"Misc","Anemia","N/A",,,,,,"","","","","","","","","","","","","","","","","","","","","","","","","","","","","","","","","","","","","","","",,,
"6645a052-f1ff-49b5-8320-349d583314d9","Comorbidity,Sickle Cell Disease",,"Misc","Sickle Cell Disease","N/A",,,,,,"","","","","","","","","","","","","","","","","","","","","","","","","","","","","","","","","","","","","","","",,,
"be51b9fb-3c07-472a-8c1b-363516d1924f","Tuberculosis, Comorbidity",,"Misc","Comorbidity","Coded",,,,,,"","","","","","","","","","","","","","","","","Diabetes","Liver Disease","HIV","Renal Disease","RHD","Asthma","Severe Undernutrition","Other Answer","Comorbidity,Anemia","Comorbidity,Sickle Cell Disease","","","","","","","","","","","","","",,,
"514ca5ba-3756-4a96-8407-84628ac95848","2HRZE + 4HR",,"Misc",,"N/A",,,,,,"","","","","","","","","","","","","","","","","","","","","","","","","","","","","","","","","","","","","","","",,,
"936333c5-91da-4498-8660-ff0808456236","3HRZE + 6HRE",,"Misc",,"N/A",,,,,,"","","","","","","","","","","","","","","","","","","","","","","","","","","","","","","","","","","","","","","",,,
"f6dba1bb-33da-433a-b085-774fe8497307","9H",,"Misc",,"N/A",,,,,,"","","","","","","","","","","","","","","","","","","","","","","","","","","","","","","","","","","","","","","",,,
"496e01bc-a1a7-48a0-b9a2-3c9f3d84a7dd","12RZFqE",,"Misc",,"N/A",,,,,,"","","","","","","","","","","","","","","","","","","","","","","","","","","","","","","","","","","","","","","",,,
"2b838bd9-dfdf-482d-8a80-efd6c531990c","MDR Treatment",,"Misc",,"N/A",,,,,,"","","","","","","","","","","","","","","","","","","","","","","","","","","","","","","","","","","","","","","",,,
"ddbfe78a-e215-4f44-ba1b-e5698f71ca21","Tuberculosis, Other Treatment Plan",,"Misc","Other","N/A",,,,,,"","","","","","","","","","","","","","","","","","","","","","","","","","","","","","","","","","","","","","","",,,
"59abcc2a-45f8-4718-a841-2a423bbbc5c0","3HRZE + 9HRE",,"Misc",,"N/A",,,,,,"","","","","","","","","","","","","","","","","","","","","","","","","","","","","","","","","","","","","","","",,,
"b95e59df-4480-47fd-bd2c-3874be9b44f7","Tuberculosis, Treatment Plan",,"Misc","Treatment Plan","Coded",,,,,,"","","","","","","","","","","","","","","","","2HRZE + 4HR","3HRZE + 6HRE","9H","12RZFqE","MDR Treatment","Tuberculosis, Other Treatment Plan","3HRZE + 9HRE","","","","","","","","","","","","","","","","",,,
"5e9dc715-2edb-4da8-a178-68437eb82be8","Tuberculosis, Next Followup Visit",,"Misc","Next Followup Visit","Date",,,,,,"","","","","","","","","","","","","","","","","","","","","","","","","","","","","","","","","","","","","","","",,,
"57d26401-4543-4e61-b950-2380b74e88ef","Tuberculosis, Plan for next visit",,"Misc","Plan for next visit","Text",,,,,,"","","","","","","","","","","","","","","","","","","","","","","","","","","","","","","","","","","","","","","",,,
"3efcf173-e995-489d-9230-202cd58a5581","Tuberculosis, Number of Adult Family Members with Symptoms",,"Misc","Number of Adult Family Members with Symptoms","Text",,,,,,"","","","","","","","","","","","","","","","","","","","","","","","","","","","","","","","","","","","","","","",,,
"e44ff6b6-c832-47b3-a3b7-f21d3121fa6b","Tuberculosis, Number of Under 5 Years Children in the Family",,"Misc","Number of Under 5 Years Children in the Family","Text",,,,,,"","","","","","","","","","","","","","","","","","","","","","","","","","","","","","","","","","","","","","","",,,
"42732cbb-9778-42e7-b2e3-1fcf07667eec","Tuberculosis, Need of Admission",,"Misc","Need of Admission","Boolean",,,,,,"","","","","","","","","","","","","","","","","","","","","","","","","","","","","","","","","","","","","","","",,,
"5a029d95-d2b5-4159-825a-0801b10df837","Tuberculosis, Indication for Admission",,"Misc","Indications","Text",,,,,,"","","","","","","","","","","","","","","","","","","","","","","","","","","","","","","","","","","","","","","",,,
"5d432407-e34d-11e3-983a-91270dcbd3bf","Fever",,"Misc","Fever","N/A",,,,,,"","","","","","","","","","","","","","","","","","","","","","","","","","","","","","","","","","","","","","","",,,
"2a13f92e-4cb9-491a-a017-9230ecb2b6b1","Weight loss",,"Misc",,"N/A",,,,,,"","","","","","","","","","","","","","","","","","","","","","","","","","","","","","","","","","","","","","","",,,
"55dca0e7-e34d-11e3-983a-91270dcbd3bf","Anorexia",,"Misc","Anorexia","N/A",,,,,,"","","","","","","","","","","","","","","","","","","","","","","","","","","","","","","","","","","","","","","",,,
"6f098cb3-2816-402b-b8a9-e1b5446a771b","Cough with expectoration",,"Misc",,"N/A",,,,,,"","","","","","","","","","","","","","","","","","","","","","","","","","","","","","","","","","","","","","","",,,
"2618324a-dc87-4d95-854e-83fd015e3f19","Cough without expectoration",,"Misc",,"N/A",,,,,,"","","","","","","","","","","","","","","","","","","","","","","","","","","","","","","","","","","","","","","",,,
"18e65a93-ed86-11e3-8f57-746bba63c2a3","Breathlessness",,"Misc",,"N/A",,,,,,"","","","","","","","","","","","","","","","","","","","","","","","","","","","","","","","","","","","","","","",,,
"7bbaf5b8-722c-44af-b246-0e5534f7ff73","Night Sweats",,"Misc",,"N/A",,,,,,"","","","","","","","","","","","","","","","","","","","","","","","","","","","","","","","","","","","","","","",,,
"693fb56c-a83b-4818-8724-e1367ca5041a","Lymph Node Enlarged",,"Misc",,"N/A",,,,,,"","","","","","","","","","","","","","","","","","","","","","","","","","","","","","","","","","","","","","","",,,
"eb4d2cbc-8798-4073-83d6-9eb1934231ca","False No",,"Misc","No","N/A",,,,,,"Faux","Falso","Falso","Não","No","No","Non","Falso","","","","","","","","","","","","","","","","","","","","","","","","","","","","","","","",,,
"f5cd1985-d1af-4bc6-a172-2d26ea9d2db5","Mild",,"Misc",,"N/A",,,,,,"","","","","","","","","","","","","","","","","","","","","","","","","","","","","","","","","","","","","","","",,,
"ccc6ea29-9ac6-4e93-88e9-d6262564c3cd","Moderate",,"Misc",,"N/A",,,,,,"","","","","","","","","","","","","","","","","","","","","","","","","","","","","","","","","","","","","","","",,,
"cfd3984a-dff8-41f8-8898-ba51fb5de2f8","Severe",,"Misc",,"N/A",,,,,,"","","","","","","","","","","","","","","","","","","","","","","","","","","","","","","","","","","","","","","",,,
"57cfff64-e34d-11e3-983a-91270dcbd3bf","Chest Pain",,"Misc","Chest Pain","Coded",,,,,,"","","","","","","","","","","","","","","","","False No","Mild","Moderate","Severe","","","","","","","","","","","","","","","","","","","",,,
"bea99fbe-0137-4d91-9b37-4acb2febbd7c","Other Answer",,"Misc","Other (Specify)","N/A",,,,,,"","","","","","","","","","","","","","","","","","","","","","","","","","","","","","","","","","","","","","","",,,
"91826e6c-d344-4387-88c6-54a9868c1a62","No fresh complaint",,"Misc",,"N/A",,,,,,"","","","","","","","","","","","","","","","","","","","","","","","","","","","","","","","","","","","","","","",,,
"f7ce11f3-7a86-452c-8258-d02d82f1bbdc","Tuberculosis, Symptoms",,"Misc","Symptoms","Coded",,,,,,"","","","","","","","","","","","","","","","","Fever","Weight loss","Anorexia","Cough with expectoration","Cough without expectoration","Breathlessness","Night Sweats","Lymph Node Enlarged","Chest Pain","Other Answer","No fresh complaint","","","","","","","","","","","","",,,
"93c2d29f-ab88-48fe-838d-afd7edeaa669","Tuberculosis, Symptoms Duration",,"Duration","Duration","Numeric",,,,,,"","","","","","","","","","","","","","","","","","","","","","","","","","","","","","","","","","","","","","","",,,
"010d0ce2-0f81-44e0-b269-67ee08a0b03b","Tuberculosis, Symptoms  duration",,"Misc","Duration (in days)","Text",,,,,,"","","","","","","","","","","","","","","","","","","","","","","","","","","","","","","","","","","","","","","",,,
"62908d24-ed73-460b-bfdd-b5fddbce8142","Day 15",,"Misc",,"N/A",,,,,,"","","","","","","","","","","","","","","","","","","","","","","","","","","","","","","","","","","","","","","",,,
"b6dc2eaa-884a-443a-934d-3148c75fb2a0","1 Month",,"Misc",,"N/A",,,,,,"","","","","","","","","","","","","","","","","","","","","","","","","","","","","","","","","","","","","","","",,,
"ab68df15-7fd1-4f06-9d43-5d912eab4a7e","2 Month",,"Misc",,"N/A",,,,,,"","","","","","","","","","","","","","","","","","","","","","","","","","","","","","","","","","","","","","","",,,
"12c73368-ae7d-475c-a3ab-abf6f1de9193","3 Month",,"Misc",,"N/A",,,,,,"","","","","","","","","","","","","","","","","","","","","","","","","","","","","","","","","","","","","","","",,,
"3a846add-9c71-452f-8743-465ed4d17ad4","4 Month",,"Misc",,"N/A",,,,,,"","","","","","","","","","","","","","","","","","","","","","","","","","","","","","","","","","","","","","","",,,
"62067bef-db57-4c54-aa77-54ebb4dd7d5e","5 Month",,"Misc",,"N/A",,,,,,"","","","","","","","","","","","","","","","","","","","","","","","","","","","","","","","","","","","","","","",,,
"e7029332-8b05-4a22-bcd5-975d49211852","6 Month",,"Misc",,"N/A",,,,,,"","","","","","","","","","","","","","","","","","","","","","","","","","","","","","","","","","","","","","","",,,
"ec334a97-7a62-4799-9e12-a28bd82b6f72","7 Month",,"Misc",,"N/A",,,,,,"","","","","","","","","","","","","","","","","","","","","","","","","","","","","","","","","","","","","","","",,,
"d07d6239-3c80-45f0-8f98-3ee7d7cb469e","8 Month",,"Misc",,"N/A",,,,,,"","","","","","","","","","","","","","","","","","","","","","","","","","","","","","","","","","","","","","","",,,
"0ee1905e-9d28-45d5-9cfa-e6a5b0e2f86d","9 Month",,"Misc",,"N/A",,,,,,"","","","","","","","","","","","","","","","","","","","","","","","","","","","","","","","","","","","","","","",,,
"64348ede-0886-4532-b7f8-33f68b36e9c9","10 Month",,"Misc",,"N/A",,,,,,"","","","","","","","","","","","","","","","","","","","","","","","","","","","","","","","","","","","","","","",,,
"ac1fd3e2-8595-42a1-8c19-34a3cc4ca50c","11 Month",,"Misc",,"N/A",,,,,,"","","","","","","","","","","","","","","","","","","","","","","","","","","","","","","","","","","","","","","",,,
"faef1600-56a9-4fc8-a968-257487538951","12 Month",,"Misc",,"N/A",,,,,,"","","","","","","","","","","","","","","","","","","","","","","","","","","","","","","","","","","","","","","",,,
"d40524e7-f3fc-4c73-aa6d-041778df0365","Tuberculosis, Followup Visit",,"Misc","Current Followup Visit After","Coded",,,,,,"","","","","","","","","","","","","","","","","Day 15","1 Month","2 Month","3 Month","4 Month","5 Month","6 Month","7 Month","8 Month","9 Month","10 Month","11 Month","12 Month","","","","","","","","","","",,,
"11a7fd99-73a2-4b5c-87e1-b9505b4b899f","Yes",,"Misc",,"N/A",,,,,,"Vrai","Oui","Sí","Vrai","Sim","Verdadeiro","Verdadeiro","Vero","Sí","Verdadero","Sim","Sì","Vero","Sì","Verdadero","","","","","","","","","","","","","","","","","","","","","","","","",,,
"eb4d2cbc-8798-4073-83d6-9eb1934231ca","False No",,"Misc","No","N/A",,,,,,"Faux","Falso","Falso","Não","No","No","Non","Falso","","","","","","","","","","","","","","","","","","","","","","","","","","","","","","","",,,
"40233dfc-e44f-4cb2-b4c7-738112b828ae","Not Applicable",,"Misc",,"N/A",,,,,,"","","","","","","","","","","","","","","","","","","","","","","","","","","","","","","","","","","","","","","",,,
"4d441991-6937-4c68-b9e0-c734cc9ba000","Tuberculosis, Family Screened",,"Misc","Family Screened","Coded",,,,,,"","","","","","","","","","","","","","","","","Yes","False No","Not Applicable","","","","","","","","","","","","","","","","","","","","",,,
"7729041b-1ed1-4ac2-8c4e-160836b7874a","Increased",,"Misc",,"N/A",,,,,,"","","","","","","","","","","","","","","","","","","","","","","","","","","","","","","","","","","","","","","",,,
"870fccb0-db80-4633-8698-c863ecb102e8","Same as previous",,"Misc",,"N/A",,,,,,"","","","","","","","","","","","","","","","","","","","","","","","","","","","","","","","","","","","","","","",,,
"960dbf02-b420-427d-872b-95cff532364d","Decreased",,"Misc",,"N/A",,,,,,"","","","","","","","","","","","","","","","","","","","","","","","","","","","","","","","","","","","","","","",,,
"bf66a4db-d071-4a24-9199-84d01b797069","Tuberculosis, Weight Gain",,"Misc","Weight Gain","Coded",,,,,,"","","","","","","","","","","","","","","","","Increased","Same as previous","Decreased","","","","","","","","","","","","","","","","","","","","",,,
"a7110487-4eee-4921-86c0-e3598578ea29","Tuberculosis, Available & Normal",,"Misc","Available & Normal","N/A",,,,,,"","","","","","","","","","","","","","","","","","","","","","","","","","","","","","","","","","","","","","","",,,
"2fc52cec-fc4b-4f6c-acd8-2733a6f939f1","Tuberculosis, Available & Abnormal",,"Misc","Available & Abnormal","N/A",,,,,,"","","","","","","","","","","","","","","","","","","","","","","","","","","","","","","","","","","","","","","",,,
"d8f04bc9-a10e-471d-906e-91715345c570","Tuberculosis, Awaited",,"Misc","Awaited","N/A",,,,,,"","","","","","","","","","","","","","","","","","","","","","","","","","","","","","","","","","","","","","","",,,
"fdb4b3e9-f9e0-4e5c-960b-4358617dc6eb","Tuberculosis, Sensitivity Report Status",,"Misc","Sensitivity Report Status","Coded",,,,,,"","","","","","","","","","","","","","","","","Tuberculosis, Available & Normal","Tuberculosis, Available & Abnormal","Tuberculosis, Awaited","","","","","","","","","","","","","","","","","","","","",,,
"11a7fd99-73a2-4b5c-87e1-b9505b4b899f","Yes",,"Misc",,"N/A",,,,,,"Vrai","Oui","Sí","Vrai","Sim","Verdadeiro","Verdadeiro","Vero","Sí","Verdadero","Sim","Sì","Vero","Sì","Verdadero","","","","","","","","","","","","","","","","","","","","","","","","",,,
"eb4d2cbc-8798-4073-83d6-9eb1934231ca","False No",,"Misc","No","N/A",,,,,,"Faux","Falso","Falso","Não","No","No","Non","Falso","","","","","","","","","","","","","","","","","","","","","","","","","","","","","","","",,,
"b7200a10-227c-4a62-9897-50161f436868","Tuberculosis, New Comorbidty Identified",,"Misc","New Comorbidty Identified","Coded",,,,,,"","","","","","","","","","","","","","","","","Yes","False No","","","","","","","","","","","","","","","","","","","","","",,,
"7729041b-1ed1-4ac2-8c4e-160836b7874a","Increased",,"Misc",,"N/A",,,,,,"","","","","","","","","","","","","","","","","","","","","","","","","","","","","","","","","","","","","","","",,,
"870fccb0-db80-4633-8698-c863ecb102e8","Same as previous",,"Misc",,"N/A",,,,,,"","","","","","","","","","","","","","","","","","","","","","","","","","","","","","","","","","","","","","","",,,
"960dbf02-b420-427d-872b-95cff532364d","Decreased",,"Misc",,"N/A",,,,,,"","","","","","","","","","","","","","","","","","","","","","","","","","","","","","","","","","","","","","","",,,
"19a9fdc2-c635-4484-b437-d94f9ae30d92","Relieved Completely",,"Misc",,"N/A",,,,,,"","","","","","","","","","","","","","","","","","","","","","","","","","","","","","","","","","","","","","","",,,
"8dea87ad-4f88-4588-a31c-81e020184176","Tuberculosis, Fever",,"Misc","Fever","Coded",,,,,,"","","","","","","","","","","","","","","","","Increased","Same as previous","Decreased","Relieved Completely","","","","","","","","","","","","","","","","","","","",,,
"7729041b-1ed1-4ac2-8c4e-160836b7874a","Increased",,"Misc",,"N/A",,,,,,"","","","","","","","","","","","","","","","","","","","","","","","","","","","","","","","","","","","","","","",,,
"870fccb0-db80-4633-8698-c863ecb102e8","Same as previous",,"Misc",,"N/A",,,,,,"","","","","","","","","","","","","","","","","","","","","","","","","","","","","","","","","","","","","","","",,,
"960dbf02-b420-427d-872b-95cff532364d","Decreased",,"Misc",,"N/A",,,,,,"","","","","","","","","","","","","","","","","","","","","","","","","","","","","","","","","","","","","","","",,,
"19a9fdc2-c635-4484-b437-d94f9ae30d92","Relieved Completely",,"Misc",,"N/A",,,,,,"","","","","","","","","","","","","","","","","","","","","","","","","","","","","","","","","","","","","","","",,,
"c3287cb6-a31e-4bea-a66e-d0f4eb03f835","Tuberculosis, Cough",,"Misc","Cough","Coded",,,,,,"","","","","","","","","","","","","","","","","Increased","Same as previous","Decreased","Relieved Completely","","","","","","","","","","","","","","","","","","","",,,
"7729041b-1ed1-4ac2-8c4e-160836b7874a","Increased",,"Misc",,"N/A",,,,,,"","","","","","","","","","","","","","","","","","","","","","","","","","","","","","","","","","","","","","","",,,
"870fccb0-db80-4633-8698-c863ecb102e8","Same as previous",,"Misc",,"N/A",,,,,,"","","","","","","","","","","","","","","","","","","","","","","","","","","","","","","","","","","","","","","",,,
"960dbf02-b420-427d-872b-95cff532364d","Decreased",,"Misc",,"N/A",,,,,,"","","","","","","","","","","","","","","","","","","","","","","","","","","","","","","","","","","","","","","",,,
"19a9fdc2-c635-4484-b437-d94f9ae30d92","Relieved Completely",,"Misc",,"N/A",,,,,,"","","","","","","","","","","","","","","","","","","","","","","","","","","","","","","","","","","","","","","",,,
"2063af20-1889-4b3c-9e25-69306d31bee0","Tuberculosis, Anorexia",,"Misc","Anorexia","Coded",,,,,,"","","","","","","","","","","","","","","","","Increased","Same as previous","Decreased","Relieved Completely","","","","","","","","","","","","","","","","","","","",,,
"7729041b-1ed1-4ac2-8c4e-160836b7874a","Increased",,"Misc",,"N/A",,,,,,"","","","","","","","","","","","","","","","","","","","","","","","","","","","","","","","","","","","","","","",,,
"870fccb0-db80-4633-8698-c863ecb102e8","Same as previous",,"Misc",,"N/A",,,,,,"","","","","","","","","","","","","","","","","","","","","","","","","","","","","","","","","","","","","","","",,,
"960dbf02-b420-427d-872b-95cff532364d","Decreased",,"Misc",,"N/A",,,,,,"","","","","","","","","","","","","","","","","","","","","","","","","","","","","","","","","","","","","","","",,,
"19a9fdc2-c635-4484-b437-d94f9ae30d92","Relieved Completely",,"Misc",,"N/A",,,,,,"","","","","","","","","","","","","","","","","","","","","","","","","","","","","","","","","","","","","","","",,,
"47889032-1be4-472d-bbbe-2c5b1a2d6b55","Tuberculosis, Chest Pain",,"Misc","Chest Pain","Coded",,,,,,"","","","","","","","","","","","","","","","","Increased","Same as previous","Decreased","Relieved Completely","","","","","","","","","","","","","","","","","","","",,,
"7729041b-1ed1-4ac2-8c4e-160836b7874a","Increased",,"Misc",,"N/A",,,,,,"","","","","","","","","","","","","","","","","","","","","","","","","","","","","","","","","","","","","","","",,,
"870fccb0-db80-4633-8698-c863ecb102e8","Same as previous",,"Misc",,"N/A",,,,,,"","","","","","","","","","","","","","","","","","","","","","","","","","","","","","","","","","","","","","","",,,
"960dbf02-b420-427d-872b-95cff532364d","Decreased",,"Misc",,"N/A",,,,,,"","","","","","","","","","","","","","","","","","","","","","","","","","","","","","","","","","","","","","","",,,
"19a9fdc2-c635-4484-b437-d94f9ae30d92","Relieved Completely",,"Misc",,"N/A",,,,,,"","","","","","","","","","","","","","","","","","","","","","","","","","","","","","","","","","","","","","","",,,
"9074466f-c881-4cb7-90c5-ad633b6b5399","Tuberculosis, Breathlessness",,"Misc","Breathlessness","Coded",,,,,,"","","","","","","","","","","","","","","","","Increased","Same as previous","Decreased","Relieved Completely","","","","","","","","","","","","","","","","","","","",,,
"7729041b-1ed1-4ac2-8c4e-160836b7874a","Increased",,"Misc",,"N/A",,,,,,"","","","","","","","","","","","","","","","","","","","","","","","","","","","","","","","","","","","","","","",,,
"960dbf02-b420-427d-872b-95cff532364d","Decreased",,"Misc",,"N/A",,,,,,"","","","","","","","","","","","","","","","","","","","","","","","","","","","","","","","","","","","","","","",,,
"19a9fdc2-c635-4484-b437-d94f9ae30d92","Relieved Completely",,"Misc",,"N/A",,,,,,"","","","","","","","","","","","","","","","","","","","","","","","","","","","","","","","","","","","","","","",,,
"870fccb0-db80-4633-8698-c863ecb102e8","Same as previous",,"Misc",,"N/A",,,,,,"","","","","","","","","","","","","","","","","","","","","","","","","","","","","","","","","","","","","","","",,,
"38383511-f2fa-4649-bc1b-49b1a70d2055","Tuberculosis Followup, Lymph Node Size",,"Misc","Lymph Node Size","Coded",,,,,,"","","","","","","","","","","","","","","","","Increased","Decreased","Relieved Completely","Same as previous","","","","","","","","","","","","","","","","","","","",,,
"11a7fd99-73a2-4b5c-87e1-b9505b4b899f","Yes",,"Misc",,"N/A",,,,,,"Vrai","Oui","Sí","Vrai","Sim","Verdadeiro","Verdadeiro","Vero","Sí","Verdadero","Sim","Sì","Vero","Sì","Verdadero","","","","","","","","","","","","","","","","","","","","","","","","",,,
"eb4d2cbc-8798-4073-83d6-9eb1934231ca","False No",,"Misc","No","N/A",,,,,,"Faux","Falso","Falso","Não","No","No","Non","Falso","","","","","","","","","","","","","","","","","","","","","","","","","","","","","","","",,,
"1ed5e18f-d9dd-4a78-9ce7-4e456bab308f","Icterus",,"Misc",,"Coded",,,,,,"","","","","","","","","","","","","","","","","Yes","False No","","","","","","","","","","","","","","","","","","","","","",,,
"796d77b6-1607-47a9-b595-b6bc131db81c","Lymph Nodes",,"Misc",,"N/A",,,,,,"","","","","","","","","","","","","","","","","","","","","","","","","","","","","","","","","","","","","","","",,,
"c2ace02b-ee52-40be-8c2d-48448f0824ad","Tuberculosis, Examination",,"Misc","Examination","Coded",,,,,,"","","","","","","","","","","","","","","","","Icterus","Lymph Nodes","","","","","","","","","","","","","","","","","","","","","",,,
"985fecf6-767e-4159-b7eb-bd5300dfac82","Tuberculosis, Treatment Compliance","If no then enter details in notes","Misc","Treatment Compliance","Boolean",,,,,,"","","","","","","","","","","","","","","","","","","","","","","","","","","","","","","","","","","","","","","",,,
"eb4d2cbc-8798-4073-83d6-9eb1934231ca","False No",,"Misc","No","N/A",,,,,,"Faux","Falso","Falso","Não","No","No","Non","Falso","","","","","","","","","","","","","","","","","","","","","","","","","","","","","","","",,,
"f5cd1985-d1af-4bc6-a172-2d26ea9d2db5","Mild",,"Misc",,"N/A",,,,,,"","","","","","","","","","","","","","","","","","","","","","","","","","","","","","","","","","","","","","","",,,
"ccc6ea29-9ac6-4e93-88e9-d6262564c3cd","Moderate",,"Misc",,"N/A",,,,,,"","","","","","","","","","","","","","","","","","","","","","","","","","","","","","","","","","","","","","","",,,
"cfd3984a-dff8-41f8-8898-ba51fb5de2f8","Severe",,"Misc",,"N/A",,,,,,"","","","","","","","","","","","","","","","","","","","","","","","","","","","","","","","","","","","","","","",,,
"d398fd62-9a7d-4586-818a-5b175e4d80d8","Joint / Bone  Pain",,"Misc",,"Coded",,,,,,"","","","","","","","","","","","","","","","","False No","Mild","Moderate","Severe","","","","","","","","","","","","","","","","","","","",,,
"3fc92c02-ed86-11e3-8f57-746bba63c2a3","Skin Rash",,"Misc","Skin Rash","N/A",,,,,,"","","","","","","","","","","","","","","","","","","","","","","","","","","","","","","","","","","","","","","",,,
"943e8b18-e34b-11e3-983a-91270dcbd3bf","Dyspepsia",,"Misc",,"N/A",,,,,,"","","","","","","","","","","","","","","","","","","","","","","","","","","","","","","","","","","","","","","",,,
"eb4d2cbc-8798-4073-83d6-9eb1934231ca","False No",,"Misc","No","N/A",,,,,,"Faux","Falso","Falso","Não","No","No","Non","Falso","","","","","","","","","","","","","","","","","","","","","","","","","","","","","","","",,,
"f5cd1985-d1af-4bc6-a172-2d26ea9d2db5","Mild",,"Misc",,"N/A",,,,,,"","","","","","","","","","","","","","","","","","","","","","","","","","","","","","","","","","","","","","","",,,
"ccc6ea29-9ac6-4e93-88e9-d6262564c3cd","Moderate",,"Misc",,"N/A",,,,,,"","","","","","","","","","","","","","","","","","","","","","","","","","","","","","","","","","","","","","","",,,
"cfd3984a-dff8-41f8-8898-ba51fb5de2f8","Severe",,"Misc",,"N/A",,,,,,"","","","","","","","","","","","","","","","","","","","","","","","","","","","","","","","","","","","","","","",,,
"56b61ea7-a50b-4884-b286-63d45c6c1267","Abdominal pain",,"Misc",,"Coded",,,,,,"","","","","","","","","","","","","","","","","False No","Mild","Moderate","Severe","","","","","","","","","","","","","","","","","","","",,,
"11a7fd99-73a2-4b5c-87e1-b9505b4b899f","Yes",,"Misc",,"N/A",,,,,,"Vrai","Oui","Sí","Vrai","Sim","Verdadeiro","Verdadeiro","Vero","Sí","Verdadero","Sim","Sì","Vero","Sì","Verdadero","","","","","","","","","","","","","","","","","","","","","","","","",,,
"eb4d2cbc-8798-4073-83d6-9eb1934231ca","False No",,"Misc","No","N/A",,,,,,"Faux","Falso","Falso","Não","No","No","Non","Falso","","","","","","","","","","","","","","","","","","","","","","","","","","","","","","","",,,
"1ed5e18f-d9dd-4a78-9ce7-4e456bab308f","Icterus",,"Misc",,"Coded",,,,,,"","","","","","","","","","","","","","","","","Yes","False No","","","","","","","","","","","","","","","","","","","","","",,,
"11a7fd99-73a2-4b5c-87e1-b9505b4b899f","Yes",,"Misc",,"N/A",,,,,,"Vrai","Oui","Sí","Vrai","Sim","Verdadeiro","Verdadeiro","Vero","Sí","Verdadero","Sim","Sì","Vero","Sì","Verdadero","","","","","","","","","","","","","","","","","","","","","","","","",,,
"eb4d2cbc-8798-4073-83d6-9eb1934231ca","False No",,"Misc","No","N/A",,,,,,"Faux","Falso","Falso","Não","No","No","Non","Falso","","","","","","","","","","","","","","","","","","","","","","","","","","","","","","","",,,
"0167fafe-e34c-11e3-983a-91270dcbd3bf","Jaundice",,"Misc",,"Coded",,,,,,"","","","","","","","","","","","","","","","","Yes","False No","","","","","","","","","","","","","","","","","","","","","",,,
"96e62e93-2f16-4e90-8b50-5097169d512b","Hepatitis",,"Misc",,"N/A",,,,,,"","","","","","","","","","","","","","","","","","","","","","","","","","","","","","","","","","","","","","","",,,
"f5310242-25db-492d-a93f-473b5d2602de","Neuropathy",,"Misc",,"N/A",,,,,,"","","","","","","","","","","","","","","","","","","","","","","","","","","","","","","","","","","","","","","",,,
"d2224bfa-2d67-41f1-a1b5-38558cff3d27","Deafness",,"Diagnosis",,"N/A",,,,,,"","","","","","","","","","","","","","","","","","","","","","","","","","","","","","","","","","","","","","","",,,
"fd061c4e-ebe8-4f60-b29d-9a05ebac3fcf","Visual Impairement",,"Misc",,"N/A",,,,,,"","","","","","","","","","","","","","","","","","","","","","","","","","","","","","","","","","","","","","","",,,
"4e294e8c-ed86-11e3-8f57-746bba63c2a3","Tingling",,"Misc","Tingling","N/A",,,,,,"","","","","","","","","","","","","","","","","","","","","","","","","","","","","","","","","","","","","","","",,,
"b88d9e50-9295-464c-a639-4a3befa35138","Numbness",,"Misc",,"N/A",,,,,,"","","","","","","","","","","","","","","","","","","","","","","","","","","","","","","","","","","","","","","",,,
"a64a9305-cdee-4833-bb27-a89585b1f588","Dizziness",,"Misc",,"N/A",,,,,,"","","","","","","","","","","","","","","","","","","","","","","","","","","","","","","","","","","","","","","",,,
"2b88b7b7-ff18-47d1-bc01-abedf4495220","Drowsiness",,"Misc",,"N/A",,,,,,"","","","","","","","","","","","","","","","","","","","","","","","","","","","","","","","","","","","","","","",,,
"a6c9e9d4-02cf-4354-9193-1a35b5704751","None",,"Misc",,"N/A",,,,,,"","","","","","","","","","","","","","","","","","","","","","","","","","","","","","","","","","","","","","","",,,
"96a300a6-6f5c-492d-bc97-880eff80b4fe","Tuberculosis, Adverse Effects",,"Misc","Adverse Effects","Coded",,,,,,"","","","","","","","","","","","","","","","","Joint / Bone  Pain","Skin Rash","Dyspepsia","Abdominal pain","Icterus","Jaundice","Hepatitis","Neuropathy","Deafness","Visual Impairement","Tingling","Numbness","Dizziness","Drowsiness","None","","","","","","","","",,,
"1ef517e7-3ca1-42e6-a4ba-dd8e9c827d94","Tuberculosis, Treatment for adverse effects",,"Misc","Adverse Effects Treatment","Text",,,,,,"","","","","","","","","","","","","","","","","","","","","","","","","","","","","","","","","","","","","","","",,,
"f240cb02-7937-4530-96bb-fe3c0cb8292a","Improving",,"Misc",,"N/A",,,,,,"","","","","","","","","","","","","","","","","","","","","","","","","","","","","","","","","","","","","","","",,,
"81e07c58-ae1a-401d-a3cb-949ec688f100","Same",,"Misc",,"N/A",,,,,,"","","","","","","","","","","","","","","","","","","","","","","","","","","","","","","","","","","","","","","",,,
"54c9865e-b43b-4c0c-92da-33a387024c0c","Worsening",,"Misc",,"N/A",,,,,,"","","","","","","","","","","","","","","","","","","","","","","","","","","","","","","","","","","","","","","",,,
"829d9abe-cd57-4fed-882f-76f71a725c83","Needs further evaluation",,"Misc",,"N/A",,,,,,"","","","","","","","","","","","","","","","","","","","","","","","","","","","","","","","","","","","","","","",,,
"9b7fc621-d104-499f-8082-19ea5d2c83d4","Tuberculosis, Visit Impression",,"Misc","Visit Impression","Coded",,,,,,"","","","","","","","","","","","","","","","","Improving","Same","Worsening","Needs further evaluation","","","","","","","","","","","","","","","","","","","",,,
"5e9dc715-2edb-4da8-a178-68437eb82be8","Tuberculosis, Next Followup Visit",,"Misc","Next Followup Visit","Date",,,,,,"","","","","","","","","","","","","","","","","","","","","","","","","","","","","","","","","","","","","","","",,,
"57d26401-4543-4e61-b950-2380b74e88ef","Tuberculosis, Plan for next visit",,"Misc","Plan for next visit","Text",,,,,,"","","","","","","","","","","","","","","","","","","","","","","","","","","","","","","","","","","","","","","",,,
"42732cbb-9778-42e7-b2e3-1fcf07667eec","Tuberculosis, Need of Admission",,"Misc","Need of Admission","Boolean",,,,,,"","","","","","","","","","","","","","","","","","","","","","","","","","","","","","","","","","","","","","","",,,
"5a029d95-d2b5-4159-825a-0801b10df837","Tuberculosis, Indication for Admission",,"Misc","Indications","Text",,,,,,"","","","","","","","","","","","","","","","","","","","","","","","","","","","","","","","","","","","","","","",,,
"164b8d63-1e37-49e8-97b7-d6b990342695","On Treatment",,"Misc",,"N/A",,,,,,"","","","","","","","","","","","","","","","","","","","","","","","","","","","","","","","","","","","","","","",,,
"ea84a0fc-224c-455a-be2d-de78367eaa7d","Cured",,"Misc",,"N/A",,,,,,"","","","","","","","","","","","","","","","","","","","","","","","","","","","","","","","","","","","","","","",,,
"683c8e0c-d920-4d59-9bb0-7e4d380023a0","Complete",,"Misc","Treatment completed","N/A",,,,,,"","","","","","","","","","","","","","","","","","","","","","","","","","","","","","","","","","","","","","","",,,
"11a7fd99-73a2-4b5c-87e1-b9505b4b899f","Yes",,"Misc",,"N/A",,,,,,"Vrai","Oui","Sí","Vrai","Sim","Verdadeiro","Verdadeiro","Vero","Sí","Verdadero","Sim","Sì","Vero","Sì","Verdadero","","","","","","","","","","","","","","","","","","","","","","","","",,,
"eb4d2cbc-8798-4073-83d6-9eb1934231ca","False No",,"Misc","No","N/A",,,,,,"Faux","Falso","Falso","Não","No","No","Non","Falso","","","","","","","","","","","","","","","","","","","","","","","","","","","","","","","",,,
"033901e1-468e-4e63-bc9e-22096b4fe92e","Default",,"Misc",,"Coded",,,,,,"","","","","","","","","","","","","","","","","Yes","False No","","","","","","","","","","","","","","","","","","","","","",,,
"80b85712-136d-4936-b81b-dc972108e4e6","Failure of Treatment",,"Misc","Failure","N/A",,,,,,"","","","","","","","","","","","","","","","","","","","","","","","","","","","","","","","","","","","","","","",,,
"5406f7ca-fee9-4b34-8575-e9e148ca3075","Death during treatment",,"Misc","Death","N/A",,,,,,"","","","","","","","","","","","","","","","","","","","","","","","","","","","","","","","","","","","","","","",,,
"ecadbdaa-3a11-40bd-81a9-8a2cf068e1ee","Transferred Out",,"Misc",,"N/A",,,,,,"","","","","","","","","","","","","","","","","","","","","","","","","","","","","","","","","","","","","","","",,,
"d5df6073-ae3e-4bda-97f8-4802a332006b","Break in Treatment",,"Misc","Treatment Break","N/A",,,,,,"","","","","","","","","","","","","","","","","","","","","","","","","","","","","","","","","","","","","","","",,,
"88b0d34e-5b06-486c-a854-f3a3e2d887f8","Tuberculosis, Output of Treatment",,"Misc","Treatment Output","Coded",,,,,,"","","","","","","","","","","","","","","","","On Treatment","Cured","Complete","Default","Failure of Treatment","Death during treatment","Transferred Out","Break in Treatment","","","","","","","","","","","","","","","",,,
"30d79960-1bc4-4440-b760-ae3f0c753e14","Tuberculosis, Sputum Sample Collection Date",,"Misc","Sample Collection Date","Date",,,,,,"","","","","","","","","","","","","","","","","","","","","","","","","","","","","","","","","","","","","","","",,,
"9d8ff348-cc4a-489f-85b5-00cf04814cdd","Negative",,"Misc",,"N/A",,,,,,"","","","","","","","","","","","","","","","","","","","","","","","","","","","","","","","","","","","","","","",,,
"9df6d380-90ec-44f1-a9ad-e8a0755a25ac","Scanty",,"Misc",,"N/A",,,,,,"","","","","","","","","","","","","","","","","","","","","","","","","","","","","","","","","","","","","","","",,,
"8cfe4739-8765-49e4-ba4e-51b046e42d75","1+",,"Misc","1+","N/A",,,,,,"","","","","","","","","","","","","","","","","","","","","","","","","","","","","","","","","","","","","","","",,,
"207e199d-0e61-462c-bcf1-ddb6a985e9eb","2+",,"Misc","2+","N/A",,,,,,"","","","","","","","","","","","","","","","","","","","","","","","","","","","","","","","","","","","","","","",,,
"0b1d1849-ce4a-454e-8c73-0e95c3dd0c93","3+",,"Misc","3+","N/A",,,,,,"","","","","","","","","","","","","","","","","","","","","","","","","","","","","","","","","","","","","","","",,,
"57623499-3e8b-4dbe-abef-16ade10554f4","Tuberculosis, AFB (Zn Stain)",,"Misc","AFB (Zn Stain)","Coded",,,,,,"","","","","","","","","","","","","","","","","Negative","Scanty","1+","2+","3+","","","","","","","","","","","","","","","","","","",,,
"0ef7e57f-e9aa-4810-a016-e395bae843b4","Initial",,"Misc",,"N/A",,,,,,"","","","","","","","","","","","","","","","","","","","","","","","","","","","","","","","","","","","","","","",,,
"f7b3cdc6-42ed-4dd5-b344-5eb8d6862712","Followup",,"Misc",,"N/A",,,,,,"","","","","","","","","","","","","","","","","","","","","","","","","","","","","","","","","","","","","","","",,,
"4ff61aca-f427-4b47-957b-67de7a0bf112","Tuberculosis, Sample Type",,"Misc","Sample Type","Coded",,,,,,"","","","","","","","","","","","","","","","","Initial","Followup","","","","","","","","","","","","","","","","","","","","","",,,
"1fffe2ad-8c3d-4c8a-90f8-50dc4332565e","Sputum",,"Misc","Sputum","N/A",,,,,,"","","","","","","","","","","","","","","","","","","","","","","","","","","","","","","","","","","","","","","",,,
"ec37701c-9e58-4d72-ac64-0447f4cad944","Pus",,"Sample","Pus","N/A",,,,,,"","","","","","","","","","","","","","","","","","","","","","","","","","","","","","","","","","","","","","","",,,
"d7774dde-3577-4059-9e8d-9d1860dc4a44","Sample Pleural Fluid",,"Misc","Pleural Fluid","N/A",,,,,,"","","","","","","","","","","","","","","","","","","","","","","","","","","","","","","","","","","","","","","",,,
"649b941c-3800-4b74-b91a-9f7234229c9b","CSF","CSF","Sample",,"N/A",,,,,,"","","","","","","","","","","","","","","","","","","","","","","","","","","","","","","","","","","","","","","",,,
"4dc7d9b3-b913-4d59-a0da-ca1886dff651","Tuberculosis sample type - Lymphnode Aspirate",,"Misc","Lymphnode Aspirate","N/A",,,,,,"","","","","","","","","","","","","","","","","","","","","","","","","","","","","","","","","","","","","","","",,,
"6f2dcc0e-fc14-4039-ab6e-ed07a746c57d","Tuberculosis sample type - Tissue",,"Misc","Tissue","N/A",,,,,,"","","","","","","","","","","","","","","","","","","","","","","","","","","","","","","","","","","","","","","",,,
"7c5222ea-7845-465b-87fc-d805bf97929c","BAL",,"Misc","BAL","N/A",,,,,,"","","","","","","","","","","","","","","","","","","","","","","","","","","","","","","","","","","","","","","",,,
"aef021de-da26-4e5f-8952-db1c5be66990","GAL",,"Sample","GAL","N/A",,,,,,"","","","","","","","","","","","","","","","","","","","","","","","","","","","","","","","","","","","","","","",,,
"9ff4a600-bcc5-45e2-876e-27bcfe24dd1d","Knee Joint Fluid","Knee Joint Fluid","Sample",,"N/A",,,,,,"","","","","","","","","","","","","","","","","","","","","","","","","","","","","","","","","","","","","","","",,,
"4867b7b1-5237-4a97-8f67-97951fa36b49","Peritoneal Fluid",,"Sample",,"N/A",,,,,,"","","","","","","","","","","","","","","","","","","","","","","","","","","","","","","","","","","","","","","",,,
"e0d23831-a2ea-4b16-aa01-a4a975952064","Pericardial Fluid",,"Misc","Pericardial Fluid","N/A",,,,,,"","","","","","","","","","","","","","","","","","","","","","","","","","","","","","","","","","","","","","","",,,
"baba0037-cfa0-4c77-be02-fe0cd2fe2029","Tuberculosis, Urine",,"Misc","Urine","N/A",,,,,,"","","","","","","","","","","","","","","","","","","","","","","","","","","","","","","","","","","","","","","",,,
"90c9f2aa-ffd5-4198-9f8e-2dfc427e75ad","Tuberculosis, Others",,"Misc","Others","N/A",,,,,,"","","","","","","","","","","","","","","","","","","","","","","","","","","","","","","","","","","","","","","",,,
"5ac3d93a-ad0a-4303-9166-d3d3bbbc2c12","Tuberculosis, Sample",,"Misc","Sample","Coded",,,,,,"","","","","","","","","","","","","","","","","Sputum","Pus","Sample Pleural Fluid","CSF","Tuberculosis sample type - Lymphnode Aspirate","Tuberculosis sample type - Tissue","BAL","GAL","Knee Joint Fluid","Peritoneal Fluid","Pericardial Fluid","Tuberculosis, Urine","Tuberculosis, Others","","","","","","","","","","",,,
"32bdd451-3e14-4c44-9291-fccee9ae64d6","District Hospital Bilaspur",,"Misc",,"N/A",,,,,,"","","","","","","","","","","","","","","","","","","","","","","","","","","","","","","","","","","","","","","",,,
"fbb4e7f9-851c-4510-85c3-a94411afef95","RMRCT Jabalpur",,"Misc",,"N/A",,,,,,"","","","","","","","","","","","","","","","","","","","","","","","","","","","","","","","","","","","","","","",,,
"384c9863-4292-4dfe-a21b-c42f30aa299c","IRL Raipur",,"Misc",,"N/A",,,,,,"","","","","","","","","","","","","","","","","","","","","","","","","","","","","","","","","","","","","","","",,,
"26c71f2e-8e51-4e74-a912-f4f3c84fdba7","Hinduja Hospital Mumbai",,"Misc",,"N/A",,,,,,"","","","","","","","","","","","","","","","","","","","","","","","","","","","","","","","","","","","","","","",,,
"95527830-26cf-4b0d-aa13-95302e3705af","JSS Ganiyari",,"Misc",,"N/A",,,,,,"","","","","","","","","","","","","","","","","","","","","","","","","","","","","","","","","","","","","","","",,,
"3abb5f4a-0907-4b53-a8a5-d750fd5f9aed","Tuberculosis, Testing Centre",,"Misc","Testing Centre","Coded",,,,,,"","","","","","","","","","","","","","","","","District Hospital Bilaspur","RMRCT Jabalpur","IRL Raipur","Hinduja Hospital Mumbai","JSS Ganiyari","","","","","","","","","","","","","","","","","","",,,
"d80b53e7-a5ed-4cd0-a8da-598ec21b9e5a","Cartridge based nucleic acid amplification testing",,"Test","CBNAAT","N/A",,,,,,"","","","","","","","","","","","","","","","","","","","","","","","","","","","","","","","","","","","","","","",,,
"0b31b1e1-64aa-4bee-bfa5-d38acccad57d","Culture and Drug Sensitivity Test",,"Test","CDST","N/A",,,,,,"","","","","","","","","","","","","","","","","","","","","","","","","","","","","","","","","","","","","","","",,,
"88e9ed2a-3065-4671-8d6e-3363ace8647d","Tuberculosis, Test Type",,"Misc","Test","Coded",,,,,,"","","","","","","","","","","","","","","","","Cartridge based nucleic acid amplification testing","Culture and Drug Sensitivity Test","","","","","","","","","","","","","","","","","","","","","",,,
"3b4fc4f2-a9e1-4685-9a9a-3904d5a95677","No Growth",,"Misc",,"N/A",,,,,,"","","","","","","","","","","","","","","","","","","","","","","","","","","","","","","","","","","","","","","",,,
"d9fa3f46-cd5e-4a3a-a7d3-2d96bf3e4df0","Growth",,"Misc",,"N/A",,,,,,"","","","","","","","","","","","","","","","","","","","","","","","","","","","","","","","","","","","","","","",,,
"03cf83ed-383d-4e5d-b68a-8542462baca7","Contamination",,"Misc","Contamination","N/A",,,,,,"","","","","","","","","","","","","","","","","","","","","","","","","","","","","","","","","","","","","","","",,,
"0f9becbd-5ad8-4a2a-a8fa-97d627d1a151","Invalid Sample",,"Misc",,"N/A",,,,,,"","","","","","","","","","","","","","","","","","","","","","","","","","","","","","","","","","","","","","","",,,
"abab0194-d9de-4ff4-bfb1-a4c695ec077a","Tuberculosis, Culture Report",,"Misc","Culture Report","Coded",,,,,,"","","","","","","","","","","","","","","","","No Growth","Growth","Contamination","Invalid Sample","","","","","","","","","","","","","","","","","","","",,,
"fa551a39-9e5f-4c40-838e-38a646f109b7","MTB Detected",,"Misc","MTB Detected","N/A",,,,,,"","","","","","","","","","","","","","","","","","","","","","","","","","","","","","","","","","","","","","","",,,
"de4bf1ae-fdf2-4f37-a577-c137d21ffa1e","MTB Not Detected",,"Misc","MTB Not Detected","N/A",,,,,,"","","","","","","","","","","","","","","","","","","","","","","","","","","","","","","","","","","","","","","",,,
"86b51fab-2caa-4a39-ac05-560a9d4e3088","Indeterminate",,"Misc","Indeterminate","N/A",,,,,,"","","","","","","","","","","","","","","","","","","","","","","","","","","","","","","","","","","","","","","",,,
"2c1768ea-ae95-431a-b027-e6839201a2dc","Tuberculosis,CBNAAT Test Result",,"Test","CBNAAT Test Result","Coded",,,,,,"","","","","","","","","","","","","","","","","MTB Detected","MTB Not Detected","Indeterminate","","","","","","","","","","","","","","","","","","","","",,,
"84b6df52-244c-45f8-a71a-4948f33384e7","Resistant",,"Misc",,"N/A",,,,,,"","","","","","","","","","","","","","","","","","","","","","","","","","","","","","","","","","","","","","","",,,
"37ecc488-42e3-487c-9dd9-dfa0d0d261b3","Sensitive",,"Misc",,"N/A",,,,,,"","","","","","","","","","","","","","","","","","","","","","","","","","","","","","","","","","","","","","","",,,
"0864b12e-3ee1-4187-a5f5-df9221c5d1d2","Tuberculosis, Rifampicin",,"Misc","Rifampicin DST","Coded",,,,,,"","","","","","","","","","","","","","","","","Resistant","Sensitive","","","","","","","","","","","","","","","","","","","","","",,,
"84b6df52-244c-45f8-a71a-4948f33384e7","Resistant",,"Misc",,"N/A",,,,,,"","","","","","","","","","","","","","","","","","","","","","","","","","","","","","","","","","","","","","","",,,
"37ecc488-42e3-487c-9dd9-dfa0d0d261b3","Sensitive",,"Misc",,"N/A",,,,,,"","","","","","","","","","","","","","","","","","","","","","","","","","","","","","","","","","","","","","","",,,
"872be094-847a-42c6-970e-a1b370485ab3","Tuberculosis, Isoniazid",,"Misc","Isoniazid DST","Coded",,,,,,"","","","","","","","","","","","","","","","","Resistant","Sensitive","","","","","","","","","","","","","","","","","","","","","",,,
"84b6df52-244c-45f8-a71a-4948f33384e7","Resistant",,"Misc",,"N/A",,,,,,"","","","","","","","","","","","","","","","","","","","","","","","","","","","","","","","","","","","","","","",,,
"37ecc488-42e3-487c-9dd9-dfa0d0d261b3","Sensitive",,"Misc",,"N/A",,,,,,"","","","","","","","","","","","","","","","","","","","","","","","","","","","","","","","","","","","","","","",,,
"36c4d85b-6f71-4b21-b7c2-7535087b8893","Tuberculosis, Ethambutol",,"Misc","Ethambutol DST","Coded",,,,,,"","","","","","","","","","","","","","","","","Resistant","Sensitive","","","","","","","","","","","","","","","","","","","","","",,,
"84b6df52-244c-45f8-a71a-4948f33384e7","Resistant",,"Misc",,"N/A",,,,,,"","","","","","","","","","","","","","","","","","","","","","","","","","","","","","","","","","","","","","","",,,
"37ecc488-42e3-487c-9dd9-dfa0d0d261b3","Sensitive",,"Misc",,"N/A",,,,,,"","","","","","","","","","","","","","","","","","","","","","","","","","","","","","","","","","","","","","","",,,
"3d0ab263-a61c-4c9d-bd43-557e5da5008c","Tuberculosis, Streptomycin",,"Misc","Streptomycin DST","Coded",,,,,,"","","","","","","","","","","","","","","","","Resistant","Sensitive","","","","","","","","","","","","","","","","","","","","","",,,
"84b6df52-244c-45f8-a71a-4948f33384e7","Resistant",,"Misc",,"N/A",,,,,,"","","","","","","","","","","","","","","","","","","","","","","","","","","","","","","","","","","","","","","",,,
"37ecc488-42e3-487c-9dd9-dfa0d0d261b3","Sensitive",,"Misc",,"N/A",,,,,,"","","","","","","","","","","","","","","","","","","","","","","","","","","","","","","","","","","","","","","",,,
"d8270a6a-2ab9-4796-a34f-2cadd5bfaa8f","Tuberculosis, Kanamycin",,"Misc","Kanamycin","Coded",,,,,,"","","","","","","","","","","","","","","","","Resistant","Sensitive","","","","","","","","","","","","","","","","","","","","","",,,
"84b6df52-244c-45f8-a71a-4948f33384e7","Resistant",,"Misc",,"N/A",,,,,,"","","","","","","","","","","","","","","","","","","","","","","","","","","","","","","","","","","","","","","",,,
"37ecc488-42e3-487c-9dd9-dfa0d0d261b3","Sensitive",,"Misc",,"N/A",,,,,,"","","","","","","","","","","","","","","","","","","","","","","","","","","","","","","","","","","","","","","",,,
"9a9b4434-67aa-40bd-a4f1-a3f234067385","Tuberculosis, Ethionamide",,"Misc","Ethionamide","Coded",,,,,,"","","","","","","","","","","","","","","","","Resistant","Sensitive","","","","","","","","","","","","","","","","","","","","","",,,
"84b6df52-244c-45f8-a71a-4948f33384e7","Resistant",,"Misc",,"N/A",,,,,,"","","","","","","","","","","","","","","","","","","","","","","","","","","","","","","","","","","","","","","",,,
"37ecc488-42e3-487c-9dd9-dfa0d0d261b3","Sensitive",,"Misc",,"N/A",,,,,,"","","","","","","","","","","","","","","","","","","","","","","","","","","","","","","","","","","","","","","",,,
"19f3e9df-e942-4be7-af47-6264008f135a","Tuberculosis, PAS",,"Misc","PAS","Coded",,,,,,"","","","","","","","","","","","","","","","","Resistant","Sensitive","","","","","","","","","","","","","","","","","","","","","",,,
"84b6df52-244c-45f8-a71a-4948f33384e7","Resistant",,"Misc",,"N/A",,,,,,"","","","","","","","","","","","","","","","","","","","","","","","","","","","","","","","","","","","","","","",,,
"37ecc488-42e3-487c-9dd9-dfa0d0d261b3","Sensitive",,"Misc",,"N/A",,,,,,"","","","","","","","","","","","","","","","","","","","","","","","","","","","","","","","","","","","","","","",,,
"0968ed1b-64bd-4e66-b41b-6182676b12b8","Tuberculosis, Ofloxacin",,"Misc","Ofloxacin","Coded",,,,,,"","","","","","","","","","","","","","","","","Resistant","Sensitive","","","","","","","","","","","","","","","","","","","","","",,,
"f878775c-42c6-4679-8b1d-e61a0776b2ed","Tuberculosis, Test Report Date",,"Misc","Test Report Date","Date",,,,,,"","","","","","","","","","","","","","","","","","","","","","","","","","","","","","","","","","","","","","","",,,
"da8892bf-f917-4807-b9bf-294ab3aef528","Tuberculosis, Family Member Name",,"Misc","Name","Text",,,,,,"","","","","","","","","","","","","","","","","","","","","","","","","","","","","","","","","","","","","","","",,,
"b61d32dd-626d-4dae-99c1-cc697f6d3320","Tuberculosis, Family Member Age",,"Misc","Age","Numeric",,,,,,"","","","","","","","","","","","","","","","","","","","","","","","","","","","","","","","","","","","","","","",,,
"6d37521f-8f17-43c8-9c4d-5b161d7c5261","Female",,"Misc",,"N/A",,,,,,"","","","","","","","","","","","","","","","","","","","","","","","","","","","","","","","","","","","","","","",,,
"e12d9dc1-0dda-4d34-8793-e925228ab61e","Male",,"Misc",,"N/A",,,,,,"","","","","","","","","","","","","","","","","","","","","","","","","","","","","","","","","","","","","","","",,,
"88b1f5a7-9b40-481d-a4cd-055677347ab0","Tuberculosis, Family Member Gender",,"Misc","Gender","Coded",,,,,,"","","","","","","","","","","","","","","","","Female","Male","","","","","","","","","","","","","","","","","","","","","",,,
"81b8d6e6-401e-404d-9bea-8706b5c382be","Tuberculosis, Family Member Relation",,"Misc","Relation","Text",,,,,,"","","","","","","","","","","","","","","","","","","","","","","","","","","","","","","","","","","","","","","",,,
"de1543bb-29cc-41c6-9d3d-9df6c59e3975","Tuberculosis, Family Member Symptoms",,"Misc","Symptoms","Boolean",,,,,,"","","","","","","","","","","","","","","","","","","","","","","","","","","","","","","","","","","","","","","",,,
"6670327d-a390-413a-8c33-1e2aee50fe17","Tuberculosis, Family Member Past History of Tuberculosis",,"Misc","Past History of Tuberculosis","Boolean",,,,,,"","","","","","","","","","","","","","","","","","","","","","","","","","","","","","","","","","","","","","","",,,
"316cc0fc-636d-44e0-939b-4c9a131c0203","Diabetes",,"Misc",,"N/A",,,,,,"","","","","","","","","","","","","","","","","","","","","","","","","","","","","","","","","","","","","","","",,,
"05195c83-066a-4a45-a08f-90ff5ee1f3ad","HIV",,"Misc",,"N/A",,,,,,"","","","","","","","","","","","","","","","","","","","","","","","","","","","","","","","","","","","","","","",,,
"f8022eb3-6d2e-4a27-b224-7b0bdfee5f84","Liver Disease",,"Misc",,"N/A",,,,,,"","","","","","","","","","","","","","","","","","","","","","","","","","","","","","","","","","","","","","","",,,
"1c6e9487-b059-4b7b-a0b3-03a0f12752ae","Renal Disease",,"Misc",,"N/A",,,,,,"","","","","","","","","","","","","","","","","","","","","","","","","","","","","","","","","","","","","","","",,,
"5affef02-c2dc-4925-8cf5-69848051471a","Asthma",,"Misc",,"N/A",,,,,,"","","","","","","","","","","","","","","","","","","","","","","","","","","","","","","","","","","","","","","",,,
"95e1d551-c8d0-4b76-bc1f-0308dd8c5031","RHD",,"Misc",,"N/A",,,,,,"","","","","","","","","","","","","","","","","","","","","","","","","","","","","","","","","","","","","","","",,,
"bea99fbe-0137-4d91-9b37-4acb2febbd7c","Other Answer",,"Misc","Other (Specify)","N/A",,,,,,"","","","","","","","","","","","","","","","","","","","","","","","","","","","","","","","","","","","","","","",,,
"a6c9e9d4-02cf-4354-9193-1a35b5704751","None",,"Misc",,"N/A",,,,,,"","","","","","","","","","","","","","","","","","","","","","","","","","","","","","","","","","","","","","","",,,
"c26b0561-b20e-4a0d-be92-94b2c08f938d","Tuberculosis, Family Member Comorbidity",,"Misc","Comorbidity","Coded",,,,,,"","","","","","","","","","","","","","","","","Diabetes","HIV","Liver Disease","Renal Disease","Asthma","RHD","Other Answer","None","","","","","","","","","","","","","","","",,,
"40328e6a-8ebe-40b0-b20b-ad6f54415fa4","Tuberculosis, Family Member Referred",,"Misc","Referred","Boolean",,,,,,"","","","","","","","","","","","","","","","","","","","","","","","","","","","","","","","","","","","","","","",,,
"32b451f6-9436-4f5d-a9c8-b2fa0e0a7027","Treatment",,"Misc Order",,"N/A",,,,,,"","","","","","","","","","","","","","","","","","","","","","","","","","","","","","","","","","","","","","","",,,
"e482ebfb-9f5c-4338-93c3-a8a2c556dd65","No Treatment",,"Misc Order",,"N/A",,,,,,"","","","","","","","","","","","","","","","","","","","","","","","","","","","","","","","","","","","","","","",,,
"3295913f-c18e-4082-af52-0c98e26576f6","Prophylaxis",,"Misc Order",,"N/A",,,,,,"","","","","","","","","","","","","","","","","","","","","","","","","","","","","","","","","","","","","","","",,,
"4bd395cd-f6af-4aff-9bdd-b3a6bab36738","Tuberculosis, Family Member Treatment Plan",,"MedSet","Requires","Coded",,,,,,"","","","","","","","","","","","","","","","","Treatment","No Treatment","Prophylaxis","","","","","","","","","","","","","","","","","","","","",,,
"f18dd6e8-c0d2-483d-ae54-c3a82c82d539","Tuberculosis, Under 5 Year Name",,"Misc","Name","Text",,,,,,"","","","","","","","","","","","","","","","","","","","","","","","","","","","","","","","","","","","","","","",,,
"3f0f871c-58f0-43f4-92b1-60d9e2f8431c","Tuberculosis, Under 5 Year Tuberculosis Symptoms",,"Misc","Symptoms","Boolean",,,,,,"","","","","","","","","","","","","","","","","","","","","","","","","","","","","","","","","","","","","","","",,,
"1be02c54-62ed-48f8-a6d1-c4b8e5bc7f7e","Tuberculosis, Under 5 Year Mantoux Test Date",,"Misc","Mantoux Test Date","Date",,,,,,"","","","","","","","","","","","","","","","","","","","","","","","","","","","","","","","","","","","","","","",,,
"b1824450-758f-4e60-b927-ff778ec0de74","Tuberculosis, Under 5 Year Mantoux Reading Date",,"Misc","Mantoux Reading Date","Date",,,,,,"","","","","","","","","","","","","","","","","","","","","","","","","","","","","","","","","","","","","","","",,,
"9d8ff348-cc4a-489f-85b5-00cf04814cdd","Negative",,"Misc",,"N/A",,,,,,"","","","","","","","","","","","","","","","","","","","","","","","","","","","","","","","","","","","","","","",,,
"051e8515-aff5-4fc7-81f9-d99d64c2ca15","Positive",,"Misc",,"N/A",,,,,,"","","","","","","","","","","","","","","","","","","","","","","","","","","","","","","","","","","","","","","",,,
"c59d337e-12a2-4ef7-8fb1-b14949656cd7","Tuberculosis, Under 5 Year Mantoux Test Result",,"Misc","Mantoux Test Result","Coded",,,,,,"","","","","","","","","","","","","","","","","Negative","Positive","","","","","","","","","","","","","","","","","","","","","",,,
"2cbf323e-bc4f-4163-8602-190e5e65b892","Tuberculosis, Under 5 Year Size of Induration",,"Misc","Size of Induration","Numeric",,,,,,"","","","","","","","","","","","","","","","","","","","","","","","","","","","","","","","","","","","","","","",,,
"15c9e728-b341-4da4-8cf0-a8d018e0af55","Tuberculosis, Under 5 Year Referred",,"Misc","Referred","Boolean",,,,,,"","","","","","","","","","","","","","","","","","","","","","","","","","","","","","","","","","","","","","","",,,
"32b451f6-9436-4f5d-a9c8-b2fa0e0a7027","Treatment",,"Misc Order",,"N/A",,,,,,"","","","","","","","","","","","","","","","","","","","","","","","","","","","","","","","","","","","","","","",,,
"e482ebfb-9f5c-4338-93c3-a8a2c556dd65","No Treatment",,"Misc Order",,"N/A",,,,,,"","","","","","","","","","","","","","","","","","","","","","","","","","","","","","","","","","","","","","","",,,
"3295913f-c18e-4082-af52-0c98e26576f6","Prophylaxis",,"Misc Order",,"N/A",,,,,,"","","","","","","","","","","","","","","","","","","","","","","","","","","","","","","","","","","","","","","",,,
"4bd395cd-f6af-4aff-9bdd-b3a6bab36738","Tuberculosis, Family Member Treatment Plan",,"MedSet","Requires","Coded",,,,,,"","","","","","","","","","","","","","","","","Treatment","No Treatment","Prophylaxis","","","","","","","","","","","","","","","","","","","","",,,
"d13f7ca3-81db-42e7-9259-2da640b273c9","Tuberculosis, Days of tablets remaining",,"Misc","Days of tablets remaining","Numeric",,,,,,"","","","","","","","","","","","","","","","","","","","","","","","","","","","","","","","","","","","","","","",,,
"ebb6763d-61f6-4b07-9ea9-2e98257cfb7c","Tuberculosis, Sputum sample collected",,"Misc","Sputum sample collected","Boolean",,,,,,"","","","","","","","","","","","","","","","","","","","","","","","","","","","","","","","","","","","","","","",,,
"5d432407-e34d-11e3-983a-91270dcbd3bf","Fever",,"Misc","Fever","N/A",,,,,,"","","","","","","","","","","","","","","","","","","","","","","","","","","","","","","","","","","","","","","",,,
"1c45f82a-ed86-11e3-8f57-746bba63c2a3","Decreased appetite",,"Misc","Loss of Appetite","N/A",,,,,,"","","","","","","","","","","","","","","","","","","","","","","","","","","","","","","","","","","","","","","",,,
"5939d92c-e34d-11e3-983a-91270dcbd3bf","Cough",,"Misc","Cough","N/A",,,,,,"","","","","","","","","","","","","","","","","","","","","","","","","","","","","","","","","","","","","","","",,,
"beb3644d-4552-4be7-987b-a90f9c338282","Tuberculosis, Symptoms present now",,"Misc","Symptoms present now","Coded",,,,,,"","","","","","","","","","","","","","","","","Fever","Decreased appetite","Cough","","","","","","","","","","","","","","","","","","","","",,,
"eb4d2cbc-8798-4073-83d6-9eb1934231ca","False No",,"Misc","No","N/A",,,,,,"Faux","Falso","Falso","Não","No","No","Non","Falso","","","","","","","","","","","","","","","","","","","","","","","","","","","","","","","",,,
"f5cd1985-d1af-4bc6-a172-2d26ea9d2db5","Mild",,"Misc",,"N/A",,,,,,"","","","","","","","","","","","","","","","","","","","","","","","","","","","","","","","","","","","","","","",,,
"ccc6ea29-9ac6-4e93-88e9-d6262564c3cd","Moderate",,"Misc",,"N/A",,,,,,"","","","","","","","","","","","","","","","","","","","","","","","","","","","","","","","","","","","","","","",,,
"cfd3984a-dff8-41f8-8898-ba51fb5de2f8","Severe",,"Misc",,"N/A",,,,,,"","","","","","","","","","","","","","","","","","","","","","","","","","","","","","","","","","","","","","","",,,
"d398fd62-9a7d-4586-818a-5b175e4d80d8","Joint / Bone  Pain",,"Misc",,"Coded",,,,,,"","","","","","","","","","","","","","","","","False No","Mild","Moderate","Severe","","","","","","","","","","","","","","","","","","","",,,
"3fc92c02-ed86-11e3-8f57-746bba63c2a3","Skin Rash",,"Misc","Skin Rash","N/A",,,,,,"","","","","","","","","","","","","","","","","","","","","","","","","","","","","","","","","","","","","","","",,,
"943e8b18-e34b-11e3-983a-91270dcbd3bf","Dyspepsia",,"Misc",,"N/A",,,,,,"","","","","","","","","","","","","","","","","","","","","","","","","","","","","","","","","","","","","","","",,,
"eb4d2cbc-8798-4073-83d6-9eb1934231ca","False No",,"Misc","No","N/A",,,,,,"Faux","Falso","Falso","Não","No","No","Non","Falso","","","","","","","","","","","","","","","","","","","","","","","","","","","","","","","",,,
"f5cd1985-d1af-4bc6-a172-2d26ea9d2db5","Mild",,"Misc",,"N/A",,,,,,"","","","","","","","","","","","","","","","","","","","","","","","","","","","","","","","","","","","","","","",,,
"ccc6ea29-9ac6-4e93-88e9-d6262564c3cd","Moderate",,"Misc",,"N/A",,,,,,"","","","","","","","","","","","","","","","","","","","","","","","","","","","","","","","","","","","","","","",,,
"cfd3984a-dff8-41f8-8898-ba51fb5de2f8","Severe",,"Misc",,"N/A",,,,,,"","","","","","","","","","","","","","","","","","","","","","","","","","","","","","","","","","","","","","","",,,
"56b61ea7-a50b-4884-b286-63d45c6c1267","Abdominal pain",,"Misc",,"Coded",,,,,,"","","","","","","","","","","","","","","","","False No","Mild","Moderate","Severe","","","","","","","","","","","","","","","","","","","",,,
"11a7fd99-73a2-4b5c-87e1-b9505b4b899f","Yes",,"Misc",,"N/A",,,,,,"Vrai","Oui","Sí","Vrai","Sim","Verdadeiro","Verdadeiro","Vero","Sí","Verdadero","Sim","Sì","Vero","Sì","Verdadero","","","","","","","","","","","","","","","","","","","","","","","","",,,
"eb4d2cbc-8798-4073-83d6-9eb1934231ca","False No",,"Misc","No","N/A",,,,,,"Faux","Falso","Falso","Não","No","No","Non","Falso","","","","","","","","","","","","","","","","","","","","","","","","","","","","","","","",,,
"1ed5e18f-d9dd-4a78-9ce7-4e456bab308f","Icterus",,"Misc",,"Coded",,,,,,"","","","","","","","","","","","","","","","","Yes","False No","","","","","","","","","","","","","","","","","","","","","",,,
"11a7fd99-73a2-4b5c-87e1-b9505b4b899f","Yes",,"Misc",,"N/A",,,,,,"Vrai","Oui","Sí","Vrai","Sim","Verdadeiro","Verdadeiro","Vero","Sí","Verdadero","Sim","Sì","Vero","Sì","Verdadero","","","","","","","","","","","","","","","","","","","","","","","","",,,
"eb4d2cbc-8798-4073-83d6-9eb1934231ca","False No",,"Misc","No","N/A",,,,,,"Faux","Falso","Falso","Não","No","No","Non","Falso","","","","","","","","","","","","","","","","","","","","","","","","","","","","","","","",,,
"0167fafe-e34c-11e3-983a-91270dcbd3bf","Jaundice",,"Misc",,"Coded",,,,,,"","","","","","","","","","","","","","","","","Yes","False No","","","","","","","","","","","","","","","","","","","","","",,,
"96e62e93-2f16-4e90-8b50-5097169d512b","Hepatitis",,"Misc",,"N/A",,,,,,"","","","","","","","","","","","","","","","","","","","","","","","","","","","","","","","","","","","","","","",,,
"f5310242-25db-492d-a93f-473b5d2602de","Neuropathy",,"Misc",,"N/A",,,,,,"","","","","","","","","","","","","","","","","","","","","","","","","","","","","","","","","","","","","","","",,,
"d2224bfa-2d67-41f1-a1b5-38558cff3d27","Deafness",,"Diagnosis",,"N/A",,,,,,"","","","","","","","","","","","","","","","","","","","","","","","","","","","","","","","","","","","","","","",,,
"fd061c4e-ebe8-4f60-b29d-9a05ebac3fcf","Visual Impairement",,"Misc",,"N/A",,,,,,"","","","","","","","","","","","","","","","","","","","","","","","","","","","","","","","","","","","","","","",,,
"4e294e8c-ed86-11e3-8f57-746bba63c2a3","Tingling",,"Misc","Tingling","N/A",,,,,,"","","","","","","","","","","","","","","","","","","","","","","","","","","","","","","","","","","","","","","",,,
"b88d9e50-9295-464c-a639-4a3befa35138","Numbness",,"Misc",,"N/A",,,,,,"","","","","","","","","","","","","","","","","","","","","","","","","","","","","","","","","","","","","","","",,,
"a64a9305-cdee-4833-bb27-a89585b1f588","Dizziness",,"Misc",,"N/A",,,,,,"","","","","","","","","","","","","","","","","","","","","","","","","","","","","","","","","","","","","","","",,,
"2b88b7b7-ff18-47d1-bc01-abedf4495220","Drowsiness",,"Misc",,"N/A",,,,,,"","","","","","","","","","","","","","","","","","","","","","","","","","","","","","","","","","","","","","","",,,
"a6c9e9d4-02cf-4354-9193-1a35b5704751","None",,"Misc",,"N/A",,,,,,"","","","","","","","","","","","","","","","","","","","","","","","","","","","","","","","","","","","","","","",,,
"96a300a6-6f5c-492d-bc97-880eff80b4fe","Tuberculosis, Adverse Effects",,"Misc","Adverse Effects","Coded",,,,,,"","","","","","","","","","","","","","","","","Joint / Bone  Pain","Skin Rash","Dyspepsia","Abdominal pain","Icterus","Jaundice","Hepatitis","Neuropathy","Deafness","Visual Impairement","Tingling","Numbness","Dizziness","Drowsiness","None","","","","","","","","",,,
"a67d1d06-f878-4b05-9062-688b41a52012","Cardiology Notes",,"Misc","Cardiology Notes","Text",,,,,,"","","","","","","","","","","","","","","","","","","","","","","","","","","","","","","","","","","","","","","",,,
"68a08bdd-3545-49f7-889f-c32beb65c4db","Cardiology, Date of Surgery",,"Misc","Date of Surgery","Date",,,,,,"","","","","","","","","","","","","","","","","","","","","","","","","","","","","","","","","","","","","","","",,,
"25c7bbee-83b9-48e8-a8dd-8294f2e10ac9","Surgery, Done",,"Misc","Done","N/A",,,,,,"","","","","","","","","","","","","","","","","","","","","","","","","","","","","","","","","","","","","","","",,,
"494f7786-461d-4005-ade4-a435882ad065","Surgery, Not Done",,"Misc","Not Done","N/A",,,,,,"","","","","","","","","","","","","","","","","","","","","","","","","","","","","","","","","","","","","","","",,,
"31171ee5-6b1d-494f-9d3e-f9e6b2826163","Cardiology, Surgery",,"Misc","Surgery","Coded",,,,,,"","","","","","","","","","","","","","","","","Surgery, Done","Surgery, Not Done","","","","","","","","","","","","","","","","","","","","","",,,
"a37c70db-5adb-4318-b4a8-cdca05fa22dd","Type of Surgery, PTMC",,"Misc","PTMC","N/A",,,,,,"","","","","","","","","","","","","","","","","","","","","","","","","","","","","","","","","","","","","","","",,,
"26aa5163-e376-40b0-afc5-119232de8ffe","Type of Surgery, Open Heart Surgery",,"Misc","Open Heart Surgery","N/A",,,,,,"","","","","","","","","","","","","","","","","","","","","","","","","","","","","","","","","","","","","","","",,,
"7ea5f04c-fb3d-4a5d-994d-d5e4fef06f50","Cardiology, Type of Surgery",,"Misc","Type of Surgery","Coded",,,,,,"","","","","","","","","","","","","","","","","Type of Surgery, PTMC","Type of Surgery, Open Heart Surgery","","","","","","","","","","","","","","","","","","","","","",,,
"c0befdb3-8927-408d-a602-60f9c96ee515","Cardiology, Which Surgery",,"Misc","Which Surgery","Text",,,,,,"","","","","","","","","","","","","","","","","","","","","","","","","","","","","","","","","","","","","","","",,,
"516124cc-9cd6-46c9-9ec6-fdf500fee78e","Surgery Center, AIIMS Delhi",,"Misc","AIIMS Delhi","N/A",,,,,,"","","","","","","","","","","","","","","","","","","","","","","","","","","","","","","","","","","","","","","",,,
"e391c009-8950-43a6-aab1-68337da01e99","Surgery Center, NHMMI Raipur",,"Misc","NHMMI Raipur","N/A",,,,,,"","","","","","","","","","","","","","","","","","","","","","","","","","","","","","","","","","","","","","","",,,
"993dcffe-c215-4d03-be07-fba2593662b1","Surgery Center, Others",,"Misc","Others","N/A",,,,,,"","","","","","","","","","","","","","","","","","","","","","","","","","","","","","","","","","","","","","","",,,
"04a4207a-4948-41c5-b062-eaa049b610ce","Cardiology, Surgery Center",,"Misc","Surgery Center","Coded",,,,,,"","","","","","","","","","","","","","","","","Surgery Center, AIIMS Delhi","Surgery Center, NHMMI Raipur","Surgery Center, Others","","","","","","","","","","","","","","","","","","","","",,,
"233e3ccb-c16c-40fe-8ecb-320c8b1b13af","Image",,"Image","Image","Complex",,,,,,"","","","","","","","","","","","","","","","","","","","","","","","","","","","","","","","","","","","","","","",,,
"9ca1acc5-f61b-4cc3-9b08-580ff3be3dfa","IVSDd",,"Test",,"Numeric",,,,,,"","","","","","","","","","","","","","","","","","","","","","","","","","","","","","","","","","","","","","","",,,
"56fb8dd4-8529-42b9-9a33-7bc029646427","LVIDd",,"Test",,"Numeric",,,,,,"","","","","","","","","","","","","","","","","","","","","","","","","","","","","","","","","","","","","","","",,,
"9fa9ac61-5e44-42d0-87c4-e95b837fe19d","LVPWd",,"Test",,"Numeric",,,,,,"","","","","","","","","","","","","","","","","","","","","","","","","","","","","","","","","","","","","","","",,,
"b993bedb-bc0b-4de7-b9d2-d1eb3566be54","LVIDS",,"Test",,"Numeric",,,,,,"","","","","","","","","","","","","","","","","","","","","","","","","","","","","","","","","","","","","","","",,,
"91e97519-a0cb-4a86-883e-9167bc441ac7","Ejection Fraction",,"Test","EF","Numeric",,,,,,"","","","","","","","","","","","","","","","","","","","","","","","","","","","","","","","","","","","","","","",,,
"3229d32f-ace8-4885-afd3-6e7a07a2de84","echo Right Ventricular Systolic Pressure",,"Misc","RVSP","Text",,,,,,"","","","","","","","","","","","","","","","","","","","","","","","","","","","","","","","","","","","","","","",,,
"e53db6e7-c381-4ba9-bade-de404e9ccec7","Mitral Valve (Peak Gradient)",,"Test",,"Numeric",,,,,,"","","","","","","","","","","","","","","","","","","","","","","","","","","","","","","","","","","","","","","",,,
"a3188649-3f55-44d0-b5c4-480fa06472e4","Aortic Valve (Peak Gradient)",,"Test",,"Numeric",,,,,,"","","","","","","","","","","","","","","","","","","","","","","","","","","","","","","","","","","","","","","",,,
"77f8d579-304a-48c3-826c-d67e3f1aa70f","Absent",,"Misc",,"N/A",,,,,,"","","","","","","","","","","","","","","","","","","","","","","","","","","","","","","","","","","","","","","",,,
"f5cd1985-d1af-4bc6-a172-2d26ea9d2db5","Mild",,"Misc",,"N/A",,,,,,"","","","","","","","","","","","","","","","","","","","","","","","","","","","","","","","","","","","","","","",,,
"ccc6ea29-9ac6-4e93-88e9-d6262564c3cd","Moderate",,"Misc",,"N/A",,,,,,"","","","","","","","","","","","","","","","","","","","","","","","","","","","","","","","","","","","","","","",,,
"cfd3984a-dff8-41f8-8898-ba51fb5de2f8","Severe",,"Misc",,"N/A",,,,,,"","","","","","","","","","","","","","","","","","","","","","","","","","","","","","","","","","","","","","","",,,
"cbaf7831-4446-4064-b899-96c44b7e205f","Colour Flow, Moderately Reduced",,"Misc","MR","Coded",,,,,,"","","","","","","","","","","","","","","","","Absent","Mild","Moderate","Severe","","","","","","","","","","","","","","","","","","","",,,
"77f8d579-304a-48c3-826c-d67e3f1aa70f","Absent",,"Misc",,"N/A",,,,,,"","","","","","","","","","","","","","","","","","","","","","","","","","","","","","","","","","","","","","","",,,
"f5cd1985-d1af-4bc6-a172-2d26ea9d2db5","Mild",,"Misc",,"N/A",,,,,,"","","","","","","","","","","","","","","","","","","","","","","","","","","","","","","","","","","","","","","",,,
"ccc6ea29-9ac6-4e93-88e9-d6262564c3cd","Moderate",,"Misc",,"N/A",,,,,,"","","","","","","","","","","","","","","","","","","","","","","","","","","","","","","","","","","","","","","",,,
"cfd3984a-dff8-41f8-8898-ba51fb5de2f8","Severe",,"Misc",,"N/A",,,,,,"","","","","","","","","","","","","","","","","","","","","","","","","","","","","","","","","","","","","","","",,,
"c863935b-9b8b-497b-9400-a3103008f976","Colour Flow, Aortic Insufficiency",,"Misc","AI","Coded",,,,,,"","","","","","","","","","","","","","","","","Absent","Mild","Moderate","Severe","","","","","","","","","","","","","","","","","","","",,,
"bc7835f3-5e22-47b8-993d-e36d02b3064b","echo Left Ventricular Function",,"Misc","LV Function","Text",,,,,,"","","","","","","","","","","","","","","","","","","","","","","","","","","","","","","","","","","","","","","",,,
"d4ba9647-bc87-4698-b357-9c26a2aa2486","Diabetes, Foot Normal",,"Symptom/Finding","Normal","N/A",,,,,,"","","","","","","","","","","","","","","","","","","","","","","","","","","","","","","","","","","","","","","",,,
"8ed84651-3686-45a3-ad75-d133e2f9636b","Mildly Reduced",,"Misc",,"N/A",,,,,,"","","","","","","","","","","","","","","","","","","","","","","","","","","","","","","","","","","","","","","",,,
"7cebb4c3-fe0b-4e0f-b86c-2d25d23f3e8c","2D Exam, Moderately Reduced",,"Misc","Moderately Reduced","N/A",,,,,,"","","","","","","","","","","","","","","","","","","","","","","","","","","","","","","","","","","","","","","",,,
"a33a33aa-4387-4cd1-910f-b796838d384a","Severely Reduced",,"Misc",,"N/A",,,,,,"","","","","","","","","","","","","","","","","","","","","","","","","","","","","","","","","","","","","","","",,,
"f0e856f4-2162-440e-8574-8115f171c4e3","Left Ventricular Function",,"Misc","LV Function","Coded",,,,,,"","","","","","","","","","","","","","","","","Diabetes, Foot Normal","Mildly Reduced","2D Exam, Moderately Reduced","Severely Reduced","","","","","","","","","","","","","","","","","","","",,,
"a7296d10-2472-4a78-aa7e-f617506e13ca","Ao",,"Misc",,"Text",,,,,,"","","","","","","","","","","","","","","","","","","","","","","","","","","","","","","","","","","","","","","",,,
"2392cca1-0e6f-49c2-9570-203cdfd2ab5c","Echo LA",,"Misc","LA","Text",,,,,,"","","","","","","","","","","","","","","","","","","","","","","","","","","","","","","","","","","","","","","",,,
"f5cd1985-d1af-4bc6-a172-2d26ea9d2db5","Mild",,"Misc",,"N/A",,,,,,"","","","","","","","","","","","","","","","","","","","","","","","","","","","","","","","","","","","","","","",,,
"ccc6ea29-9ac6-4e93-88e9-d6262564c3cd","Moderate",,"Misc",,"N/A",,,,,,"","","","","","","","","","","","","","","","","","","","","","","","","","","","","","","","","","","","","","","",,,
"cfd3984a-dff8-41f8-8898-ba51fb5de2f8","Severe",,"Misc",,"N/A",,,,,,"","","","","","","","","","","","","","","","","","","","","","","","","","","","","","","","","","","","","","","",,,
"a98475b7-2450-402c-bd36-d88856fb0a16","Trivial",,"Misc",,"N/A",,,,,,"","","","","","","","","","","","","","","","","","","","","","","","","","","","","","","","","","","","","","","",,,
"00a4e42b-8d48-42f8-87ea-1f77ad9f0240","Valvular Abnormality, Mitral Stenosis",,"Misc","MS","Coded",,,,,,"","","","","","","","","","","","","","","","","Mild","Moderate","Severe","Trivial","","","","","","","","","","","","","","","","","","","",,,
"f5cd1985-d1af-4bc6-a172-2d26ea9d2db5","Mild",,"Misc",,"N/A",,,,,,"","","","","","","","","","","","","","","","","","","","","","","","","","","","","","","","","","","","","","","",,,
"ccc6ea29-9ac6-4e93-88e9-d6262564c3cd","Moderate",,"Misc",,"N/A",,,,,,"","","","","","","","","","","","","","","","","","","","","","","","","","","","","","","","","","","","","","","",,,
"cfd3984a-dff8-41f8-8898-ba51fb5de2f8","Severe",,"Misc",,"N/A",,,,,,"","","","","","","","","","","","","","","","","","","","","","","","","","","","","","","","","","","","","","","",,,
"a98475b7-2450-402c-bd36-d88856fb0a16","Trivial",,"Misc",,"N/A",,,,,,"","","","","","","","","","","","","","","","","","","","","","","","","","","","","","","","","","","","","","","",,,
"876833b6-e03b-49ac-b2d6-7e593cd0a751","Valvular Abnormality, Mitral Regurgitation",,"Misc","MR","Coded",,,,,,"","","","","","","","","","","","","","","","","Mild","Moderate","Severe","Trivial","","","","","","","","","","","","","","","","","","","",,,
"f5cd1985-d1af-4bc6-a172-2d26ea9d2db5","Mild",,"Misc",,"N/A",,,,,,"","","","","","","","","","","","","","","","","","","","","","","","","","","","","","","","","","","","","","","",,,
"ccc6ea29-9ac6-4e93-88e9-d6262564c3cd","Moderate",,"Misc",,"N/A",,,,,,"","","","","","","","","","","","","","","","","","","","","","","","","","","","","","","","","","","","","","","",,,
"cfd3984a-dff8-41f8-8898-ba51fb5de2f8","Severe",,"Misc",,"N/A",,,,,,"","","","","","","","","","","","","","","","","","","","","","","","","","","","","","","","","","","","","","","",,,
"a98475b7-2450-402c-bd36-d88856fb0a16","Trivial",,"Misc",,"N/A",,,,,,"","","","","","","","","","","","","","","","","","","","","","","","","","","","","","","","","","","","","","","",,,
"d42226eb-d37b-48b3-bd0e-8b10d0559a0c","Valvular Abnormality, Aortic Stenosis",,"Misc","AS","Coded",,,,,,"","","","","","","","","","","","","","","","","Mild","Moderate","Severe","Trivial","","","","","","","","","","","","","","","","","","","",,,
"f5cd1985-d1af-4bc6-a172-2d26ea9d2db5","Mild",,"Misc",,"N/A",,,,,,"","","","","","","","","","","","","","","","","","","","","","","","","","","","","","","","","","","","","","","",,,
"ccc6ea29-9ac6-4e93-88e9-d6262564c3cd","Moderate",,"Misc",,"N/A",,,,,,"","","","","","","","","","","","","","","","","","","","","","","","","","","","","","","","","","","","","","","",,,
"cfd3984a-dff8-41f8-8898-ba51fb5de2f8","Severe",,"Misc",,"N/A",,,,,,"","","","","","","","","","","","","","","","","","","","","","","","","","","","","","","","","","","","","","","",,,
"a98475b7-2450-402c-bd36-d88856fb0a16","Trivial",,"Misc",,"N/A",,,,,,"","","","","","","","","","","","","","","","","","","","","","","","","","","","","","","","","","","","","","","",,,
"0a83c405-f90f-4a10-a863-b5d1352b9b92","Valvular Abnormality, Aortic Insufficiency",,"Misc","AI","Coded",,,,,,"","","","","","","","","","","","","","","","","Mild","Moderate","Severe","Trivial","","","","","","","","","","","","","","","","","","","",,,
"f5cd1985-d1af-4bc6-a172-2d26ea9d2db5","Mild",,"Misc",,"N/A",,,,,,"","","","","","","","","","","","","","","","","","","","","","","","","","","","","","","","","","","","","","","",,,
"ccc6ea29-9ac6-4e93-88e9-d6262564c3cd","Moderate",,"Misc",,"N/A",,,,,,"","","","","","","","","","","","","","","","","","","","","","","","","","","","","","","","","","","","","","","",,,
"cfd3984a-dff8-41f8-8898-ba51fb5de2f8","Severe",,"Misc",,"N/A",,,,,,"","","","","","","","","","","","","","","","","","","","","","","","","","","","","","","","","","","","","","","",,,
"a98475b7-2450-402c-bd36-d88856fb0a16","Trivial",,"Misc",,"N/A",,,,,,"","","","","","","","","","","","","","","","","","","","","","","","","","","","","","","","","","","","","","","",,,
"7cd8ab74-89c2-448a-badc-149ad5895c93","Valvular Abnormality, Tricuspid Regurgitation",,"Misc","TR","Coded",,,,,,"","","","","","","","","","","","","","","","","Mild","Moderate","Severe","Trivial","","","","","","","","","","","","","","","","","","","",,,
"f5cd1985-d1af-4bc6-a172-2d26ea9d2db5","Mild",,"Misc",,"N/A",,,,,,"","","","","","","","","","","","","","","","","","","","","","","","","","","","","","","","","","","","","","","",,,
"ccc6ea29-9ac6-4e93-88e9-d6262564c3cd","Moderate",,"Misc",,"N/A",,,,,,"","","","","","","","","","","","","","","","","","","","","","","","","","","","","","","","","","","","","","","",,,
"cfd3984a-dff8-41f8-8898-ba51fb5de2f8","Severe",,"Misc",,"N/A",,,,,,"","","","","","","","","","","","","","","","","","","","","","","","","","","","","","","","","","","","","","","",,,
"a98475b7-2450-402c-bd36-d88856fb0a16","Trivial",,"Misc",,"N/A",,,,,,"","","","","","","","","","","","","","","","","","","","","","","","","","","","","","","","","","","","","","","",,,
"780f4630-30e5-4def-ba1c-2e9eb81ceb65","Valvular Abnormality, PR",,"Misc","PR","Coded",,,,,,"","","","","","","","","","","","","","","","","Mild","Moderate","Severe","Trivial","","","","","","","","","","","","","","","","","","","",,,
"f5cd1985-d1af-4bc6-a172-2d26ea9d2db5","Mild",,"Misc",,"N/A",,,,,,"","","","","","","","","","","","","","","","","","","","","","","","","","","","","","","","","","","","","","","",,,
"ccc6ea29-9ac6-4e93-88e9-d6262564c3cd","Moderate",,"Misc",,"N/A",,,,,,"","","","","","","","","","","","","","","","","","","","","","","","","","","","","","","","","","","","","","","",,,
"cfd3984a-dff8-41f8-8898-ba51fb5de2f8","Severe",,"Misc",,"N/A",,,,,,"","","","","","","","","","","","","","","","","","","","","","","","","","","","","","","","","","","","","","","",,,
"a98475b7-2450-402c-bd36-d88856fb0a16","Trivial",,"Misc",,"N/A",,,,,,"","","","","","","","","","","","","","","","","","","","","","","","","","","","","","","","","","","","","","","",,,
"8ba8e62e-474b-4ae3-9485-f5afd4d2aa9f","Valvular Abnormality,PS",,"Misc","PS","Coded",,,,,,"","","","","","","","","","","","","","","","","Mild","Moderate","Severe","Trivial","","","","","","","","","","","","","","","","","","","",,,
"e64b01d4-c949-4e2c-9da0-5a6bb82cc4d0","Present",,"Misc",,"N/A",,,,,,"","","","","","","","","","","","","","","","","","","","","","","","","","","","","","","","","","","","","","","",,,
"77f8d579-304a-48c3-826c-d67e3f1aa70f","Absent",,"Misc",,"N/A",,,,,,"","","","","","","","","","","","","","","","","","","","","","","","","","","","","","","","","","","","","","","",,,
"a9b44226-b735-4741-87fd-03195a3e842b","Echo Minimum",,"Misc","Minimum","N/A",,,,,,"","","","","","","","","","","","","","","","","","","","","","","","","","","","","","","","","","","","","","","",,,
"f5cd1985-d1af-4bc6-a172-2d26ea9d2db5","Mild",,"Misc",,"N/A",,,,,,"","","","","","","","","","","","","","","","","","","","","","","","","","","","","","","","","","","","","","","",,,
"ccc6ea29-9ac6-4e93-88e9-d6262564c3cd","Moderate",,"Misc",,"N/A",,,,,,"","","","","","","","","","","","","","","","","","","","","","","","","","","","","","","","","","","","","","","",,,
"cfd3984a-dff8-41f8-8898-ba51fb5de2f8","Severe",,"Misc",,"N/A",,,,,,"","","","","","","","","","","","","","","","","","","","","","","","","","","","","","","","","","","","","","","",,,
"ea5814e9-d7ec-4d64-83e0-b383b39a9e02","Echo, Pericardial Effusion",,"Misc","Pericardial Effusion","Coded",,,,,,"","","","","","","","","","","","","","","","","Present","Absent","Echo Minimum","Mild","Moderate","Severe","","","","","","","","","","","","","","","","","",,,
"d84232a8-4b73-4e24-82d4-18d17c86e592","Extracardiac Findings",,"Misc",,"Text",,,,,,"","","","","","","","","","","","","","","","","","","","","","","","","","","","","","","","","","","","","","","",,,
"f5327455-5616-49ad-af6f-85cd45884715","Echo Conclusion",,"Misc","Conclusion","Text",,,,,,"","","","","","","","","","","","","","","","","","","","","","","","","","","","","","","","","","","","","","","",,,
"467088a8-ef9f-410b-b1a7-8bd343f3076e","Echo Recommendation",,"Misc","Recommendation","Text",,,,,,"","","","","","","","","","","","","","","","","","","","","","","","","","","","","","","","","","","","","","","",,,
"bc1f927e-a3eb-4fca-8a9c-9da6f346e587","Video Link","For any title, use the format ""title - Link""","Misc",,"Text",,,,,,"","","","","","","","","","","","","","","","","","","","","","","","","","","","","","","","","","","","","","","",,,
